OrderID;ProductID;UnitPrice;Quantity;Discount;ID;Order ID;Product ID;Unit Price;Status ID;Date Allocated;Purchase Order ID;Inventory ID
10248.0;11.0;14.0;12.0;0.0;;;;;;;;
10248.0;42.0;9.8;10.0;0.0;;;;;;;;
10248.0;72.0;34.8;5.0;0.0;;;;;;;;
10249.0;14.0;18.6;9.0;0.0;;;;;;;;
10249.0;51.0;42.4;40.0;0.0;;;;;;;;
10250.0;41.0;7.7;10.0;0.0;;;;;;;;
10250.0;51.0;42.4;35.0;0.15000000596046448;;;;;;;;
10250.0;65.0;16.8;15.0;0.15000000596046448;;;;;;;;
10251.0;22.0;16.8;6.0;0.05000000074505806;;;;;;;;
10251.0;57.0;15.6;15.0;0.05000000074505806;;;;;;;;
10251.0;65.0;16.8;20.0;0.0;;;;;;;;
10252.0;20.0;64.8;40.0;0.05000000074505806;;;;;;;;
10252.0;33.0;2.0;25.0;0.05000000074505806;;;;;;;;
10252.0;60.0;27.2;40.0;0.0;;;;;;;;
10253.0;31.0;10.0;20.0;0.0;;;;;;;;
10253.0;39.0;14.4;42.0;0.0;;;;;;;;
10253.0;49.0;16.0;40.0;0.0;;;;;;;;
10254.0;24.0;3.6;15.0;0.15000000596046448;;;;;;;;
10254.0;55.0;19.2;21.0;0.15000000596046448;;;;;;;;
10254.0;74.0;8.0;21.0;0.0;;;;;;;;
10255.0;2.0;15.2;20.0;0.0;;;;;;;;
10255.0;16.0;13.9;35.0;0.0;;;;;;;;
10255.0;36.0;15.2;25.0;0.0;;;;;;;;
10255.0;59.0;44.0;30.0;0.0;;;;;;;;
10256.0;53.0;26.2;15.0;0.0;;;;;;;;
10256.0;77.0;10.4;12.0;0.0;;;;;;;;
10257.0;27.0;35.1;25.0;0.0;;;;;;;;
10257.0;39.0;14.4;6.0;0.0;;;;;;;;
10257.0;77.0;10.4;15.0;0.0;;;;;;;;
10258.0;2.0;15.2;50.0;0.20000000298023224;;;;;;;;
10258.0;5.0;17.0;65.0;0.20000000298023224;;;;;;;;
10258.0;32.0;25.6;6.0;0.20000000298023224;;;;;;;;
10259.0;21.0;8.0;10.0;0.0;;;;;;;;
10259.0;37.0;20.8;1.0;0.0;;;;;;;;
10260.0;41.0;7.7;16.0;0.25;;;;;;;;
10260.0;57.0;15.6;50.0;0.0;;;;;;;;
10260.0;62.0;39.4;15.0;0.25;;;;;;;;
10260.0;70.0;12.0;21.0;0.25;;;;;;;;
10261.0;21.0;8.0;20.0;0.0;;;;;;;;
10261.0;35.0;14.4;20.0;0.0;;;;;;;;
10262.0;5.0;17.0;12.0;0.20000000298023224;;;;;;;;
10262.0;7.0;24.0;15.0;0.0;;;;;;;;
10262.0;56.0;30.4;2.0;0.0;;;;;;;;
10263.0;16.0;13.9;60.0;0.25;;;;;;;;
10263.0;24.0;3.6;28.0;0.0;;;;;;;;
10263.0;30.0;20.7;60.0;0.25;;;;;;;;
10263.0;74.0;8.0;36.0;0.25;;;;;;;;
10264.0;2.0;15.2;35.0;0.0;;;;;;;;
10264.0;41.0;7.7;25.0;0.15000000596046448;;;;;;;;
10265.0;17.0;31.2;30.0;0.0;;;;;;;;
10265.0;70.0;12.0;20.0;0.0;;;;;;;;
10266.0;12.0;30.4;12.0;0.05000000074505806;;;;;;;;
10267.0;40.0;14.7;50.0;0.0;;;;;;;;
10267.0;59.0;44.0;70.0;0.15000000596046448;;;;;;;;
10267.0;76.0;14.4;15.0;0.15000000596046448;;;;;;;;
10268.0;29.0;99.0;10.0;0.0;;;;;;;;
10268.0;72.0;27.8;4.0;0.0;;;;;;;;
10269.0;33.0;2.0;60.0;0.05000000074505806;;;;;;;;
10269.0;72.0;27.8;20.0;0.05000000074505806;;;;;;;;
10270.0;36.0;15.2;30.0;0.0;;;;;;;;
10270.0;43.0;36.8;25.0;0.0;;;;;;;;
10271.0;33.0;2.0;24.0;0.0;;;;;;;;
10272.0;20.0;64.8;6.0;0.0;;;;;;;;
10272.0;31.0;10.0;40.0;0.0;;;;;;;;
10272.0;72.0;27.8;24.0;0.0;;;;;;;;
10273.0;10.0;24.8;24.0;0.05000000074505806;;;;;;;;
10273.0;31.0;10.0;15.0;0.05000000074505806;;;;;;;;
10273.0;33.0;2.0;20.0;0.0;;;;;;;;
10273.0;40.0;14.7;60.0;0.05000000074505806;;;;;;;;
10273.0;76.0;14.4;33.0;0.05000000074505806;;;;;;;;
10274.0;71.0;17.2;20.0;0.0;;;;;;;;
10274.0;72.0;27.8;7.0;0.0;;;;;;;;
10275.0;24.0;3.6;12.0;0.05000000074505806;;;;;;;;
10275.0;59.0;44.0;6.0;0.05000000074505806;;;;;;;;
10276.0;10.0;24.8;15.0;0.0;;;;;;;;
10276.0;13.0;4.8;10.0;0.0;;;;;;;;
10277.0;28.0;36.4;20.0;0.0;;;;;;;;
10277.0;62.0;39.4;12.0;0.0;;;;;;;;
10278.0;44.0;15.5;16.0;0.0;;;;;;;;
10278.0;59.0;44.0;15.0;0.0;;;;;;;;
10278.0;63.0;35.1;8.0;0.0;;;;;;;;
10278.0;73.0;12.0;25.0;0.0;;;;;;;;
10279.0;17.0;31.2;15.0;0.25;;;;;;;;
10280.0;24.0;3.6;12.0;0.0;;;;;;;;
10280.0;55.0;19.2;20.0;0.0;;;;;;;;
10280.0;75.0;6.2;30.0;0.0;;;;;;;;
10281.0;19.0;7.3;1.0;0.0;;;;;;;;
10281.0;24.0;3.6;6.0;0.0;;;;;;;;
10281.0;35.0;14.4;4.0;0.0;;;;;;;;
10282.0;30.0;20.7;6.0;0.0;;;;;;;;
10282.0;57.0;15.6;2.0;0.0;;;;;;;;
10283.0;15.0;12.4;20.0;0.0;;;;;;;;
10283.0;19.0;7.3;18.0;0.0;;;;;;;;
10283.0;60.0;27.2;35.0;0.0;;;;;;;;
10283.0;72.0;27.8;3.0;0.0;;;;;;;;
10284.0;27.0;35.1;15.0;0.25;;;;;;;;
10284.0;44.0;15.5;21.0;0.0;;;;;;;;
10284.0;60.0;27.2;20.0;0.25;;;;;;;;
10284.0;67.0;11.2;5.0;0.25;;;;;;;;
10285.0;1.0;14.4;45.0;0.20000000298023224;;;;;;;;
10285.0;40.0;14.7;40.0;0.20000000298023224;;;;;;;;
10285.0;53.0;26.2;36.0;0.20000000298023224;;;;;;;;
10286.0;35.0;14.4;100.0;0.0;;;;;;;;
10286.0;62.0;39.4;40.0;0.0;;;;;;;;
10287.0;16.0;13.9;40.0;0.15000000596046448;;;;;;;;
10287.0;34.0;11.2;20.0;0.0;;;;;;;;
10287.0;46.0;9.6;15.0;0.15000000596046448;;;;;;;;
10288.0;54.0;5.9;10.0;0.10000000149011612;;;;;;;;
10288.0;68.0;10.0;3.0;0.10000000149011612;;;;;;;;
10289.0;3.0;8.0;30.0;0.0;;;;;;;;
10289.0;64.0;26.6;9.0;0.0;;;;;;;;
10290.0;5.0;17.0;20.0;0.0;;;;;;;;
10290.0;29.0;99.0;15.0;0.0;;;;;;;;
10290.0;49.0;16.0;15.0;0.0;;;;;;;;
10290.0;77.0;10.4;10.0;0.0;;;;;;;;
10291.0;13.0;4.8;20.0;0.10000000149011612;;;;;;;;
10291.0;44.0;15.5;24.0;0.10000000149011612;;;;;;;;
10291.0;51.0;42.4;2.0;0.10000000149011612;;;;;;;;
10292.0;20.0;64.8;20.0;0.0;;;;;;;;
10293.0;18.0;50.0;12.0;0.0;;;;;;;;
10293.0;24.0;3.6;10.0;0.0;;;;;;;;
10293.0;63.0;35.1;5.0;0.0;;;;;;;;
10293.0;75.0;6.2;6.0;0.0;;;;;;;;
10294.0;1.0;14.4;18.0;0.0;;;;;;;;
10294.0;17.0;31.2;15.0;0.0;;;;;;;;
10294.0;43.0;36.8;15.0;0.0;;;;;;;;
10294.0;60.0;27.2;21.0;0.0;;;;;;;;
10294.0;75.0;6.2;6.0;0.0;;;;;;;;
10295.0;56.0;30.4;4.0;0.0;;;;;;;;
10296.0;11.0;16.8;12.0;0.0;;;;;;;;
10296.0;16.0;13.9;30.0;0.0;;;;;;;;
10296.0;69.0;28.8;15.0;0.0;;;;;;;;
10297.0;39.0;14.4;60.0;0.0;;;;;;;;
10297.0;72.0;27.8;20.0;0.0;;;;;;;;
10298.0;2.0;15.2;40.0;0.0;;;;;;;;
10298.0;36.0;15.2;40.0;0.25;;;;;;;;
10298.0;59.0;44.0;30.0;0.25;;;;;;;;
10298.0;62.0;39.4;15.0;0.0;;;;;;;;
10299.0;19.0;7.3;15.0;0.0;;;;;;;;
10299.0;70.0;12.0;20.0;0.0;;;;;;;;
10300.0;66.0;13.6;30.0;0.0;;;;;;;;
10300.0;68.0;10.0;20.0;0.0;;;;;;;;
10301.0;40.0;14.7;10.0;0.0;;;;;;;;
10301.0;56.0;30.4;20.0;0.0;;;;;;;;
10302.0;17.0;31.2;40.0;0.0;;;;;;;;
10302.0;28.0;36.4;28.0;0.0;;;;;;;;
10302.0;43.0;36.8;12.0;0.0;;;;;;;;
10303.0;40.0;14.7;40.0;0.10000000149011612;;;;;;;;
10303.0;65.0;16.8;30.0;0.10000000149011612;;;;;;;;
10303.0;68.0;10.0;15.0;0.10000000149011612;;;;;;;;
10304.0;49.0;16.0;30.0;0.0;;;;;;;;
10304.0;59.0;44.0;10.0;0.0;;;;;;;;
10304.0;71.0;17.2;2.0;0.0;;;;;;;;
10305.0;18.0;50.0;25.0;0.10000000149011612;;;;;;;;
10305.0;29.0;99.0;25.0;0.10000000149011612;;;;;;;;
10305.0;39.0;14.4;30.0;0.10000000149011612;;;;;;;;
10306.0;30.0;20.7;10.0;0.0;;;;;;;;
10306.0;53.0;26.2;10.0;0.0;;;;;;;;
10306.0;54.0;5.9;5.0;0.0;;;;;;;;
10307.0;62.0;39.4;10.0;0.0;;;;;;;;
10307.0;68.0;10.0;3.0;0.0;;;;;;;;
10308.0;69.0;28.8;1.0;0.0;;;;;;;;
10308.0;70.0;12.0;5.0;0.0;;;;;;;;
10309.0;4.0;17.6;20.0;0.0;;;;;;;;
10309.0;6.0;20.0;30.0;0.0;;;;;;;;
10309.0;42.0;11.2;2.0;0.0;;;;;;;;
10309.0;43.0;36.8;20.0;0.0;;;;;;;;
10309.0;71.0;17.2;3.0;0.0;;;;;;;;
10310.0;16.0;13.9;10.0;0.0;;;;;;;;
10310.0;62.0;39.4;5.0;0.0;;;;;;;;
10311.0;42.0;11.2;6.0;0.0;;;;;;;;
10311.0;69.0;28.8;7.0;0.0;;;;;;;;
10312.0;28.0;36.4;4.0;0.0;;;;;;;;
10312.0;43.0;36.8;24.0;0.0;;;;;;;;
10312.0;53.0;26.2;20.0;0.0;;;;;;;;
10312.0;75.0;6.2;10.0;0.0;;;;;;;;
10313.0;36.0;15.2;12.0;0.0;;;;;;;;
10314.0;32.0;25.6;40.0;0.10000000149011612;;;;;;;;
10314.0;58.0;10.6;30.0;0.10000000149011612;;;;;;;;
10314.0;62.0;39.4;25.0;0.10000000149011612;;;;;;;;
10315.0;34.0;11.2;14.0;0.0;;;;;;;;
10315.0;70.0;12.0;30.0;0.0;;;;;;;;
10316.0;41.0;7.7;10.0;0.0;;;;;;;;
10316.0;62.0;39.4;70.0;0.0;;;;;;;;
10317.0;1.0;14.4;20.0;0.0;;;;;;;;
10318.0;41.0;7.7;20.0;0.0;;;;;;;;
10318.0;76.0;14.4;6.0;0.0;;;;;;;;
10319.0;17.0;31.2;8.0;0.0;;;;;;;;
10319.0;28.0;36.4;14.0;0.0;;;;;;;;
10319.0;76.0;14.4;30.0;0.0;;;;;;;;
10320.0;71.0;17.2;30.0;0.0;;;;;;;;
10321.0;35.0;14.4;10.0;0.0;;;;;;;;
10322.0;52.0;5.6;20.0;0.0;;;;;;;;
10323.0;15.0;12.4;5.0;0.0;;;;;;;;
10323.0;25.0;11.2;4.0;0.0;;;;;;;;
10323.0;39.0;14.4;4.0;0.0;;;;;;;;
10324.0;16.0;13.9;21.0;0.15000000596046448;;;;;;;;
10324.0;35.0;14.4;70.0;0.15000000596046448;;;;;;;;
10324.0;46.0;9.6;30.0;0.0;;;;;;;;
10324.0;59.0;44.0;40.0;0.15000000596046448;;;;;;;;
10324.0;63.0;35.1;80.0;0.15000000596046448;;;;;;;;
10325.0;6.0;20.0;6.0;0.0;;;;;;;;
10325.0;13.0;4.8;12.0;0.0;;;;;;;;
10325.0;14.0;18.6;9.0;0.0;;;;;;;;
10325.0;31.0;10.0;4.0;0.0;;;;;;;;
10325.0;72.0;27.8;40.0;0.0;;;;;;;;
10326.0;4.0;17.6;24.0;0.0;;;;;;;;
10326.0;57.0;15.6;16.0;0.0;;;;;;;;
10326.0;75.0;6.2;50.0;0.0;;;;;;;;
10327.0;2.0;15.2;25.0;0.20000000298023224;;;;;;;;
10327.0;11.0;16.8;50.0;0.20000000298023224;;;;;;;;
10327.0;30.0;20.7;35.0;0.20000000298023224;;;;;;;;
10327.0;58.0;10.6;30.0;0.20000000298023224;;;;;;;;
10328.0;59.0;44.0;9.0;0.0;;;;;;;;
10328.0;65.0;16.8;40.0;0.0;;;;;;;;
10328.0;68.0;10.0;10.0;0.0;;;;;;;;
10329.0;19.0;7.3;10.0;0.05000000074505806;;;;;;;;
10329.0;30.0;20.7;8.0;0.05000000074505806;;;;;;;;
10329.0;38.0;210.8;20.0;0.05000000074505806;;;;;;;;
10329.0;56.0;30.4;12.0;0.05000000074505806;;;;;;;;
10330.0;26.0;24.9;50.0;0.15000000596046448;;;;;;;;
10330.0;72.0;27.8;25.0;0.15000000596046448;;;;;;;;
10331.0;54.0;5.9;15.0;0.0;;;;;;;;
10332.0;18.0;50.0;40.0;0.20000000298023224;;;;;;;;
10332.0;42.0;11.2;10.0;0.20000000298023224;;;;;;;;
10332.0;47.0;7.6;16.0;0.20000000298023224;;;;;;;;
10333.0;14.0;18.6;10.0;0.0;;;;;;;;
10333.0;21.0;8.0;10.0;0.10000000149011612;;;;;;;;
10333.0;71.0;17.2;40.0;0.10000000149011612;;;;;;;;
10334.0;52.0;5.6;8.0;0.0;;;;;;;;
10334.0;68.0;10.0;10.0;0.0;;;;;;;;
10335.0;2.0;15.2;7.0;0.20000000298023224;;;;;;;;
10335.0;31.0;10.0;25.0;0.20000000298023224;;;;;;;;
10335.0;32.0;25.6;6.0;0.20000000298023224;;;;;;;;
10335.0;51.0;42.4;48.0;0.20000000298023224;;;;;;;;
10336.0;4.0;17.6;18.0;0.10000000149011612;;;;;;;;
10337.0;23.0;7.2;40.0;0.0;;;;;;;;
10337.0;26.0;24.9;24.0;0.0;;;;;;;;
10337.0;36.0;15.2;20.0;0.0;;;;;;;;
10337.0;37.0;20.8;28.0;0.0;;;;;;;;
10337.0;72.0;27.8;25.0;0.0;;;;;;;;
10338.0;17.0;31.2;20.0;0.0;;;;;;;;
10338.0;30.0;20.7;15.0;0.0;;;;;;;;
10339.0;4.0;17.6;10.0;0.0;;;;;;;;
10339.0;17.0;31.2;70.0;0.05000000074505806;;;;;;;;
10339.0;62.0;39.4;28.0;0.0;;;;;;;;
10340.0;18.0;50.0;20.0;0.05000000074505806;;;;;;;;
10340.0;41.0;7.7;12.0;0.05000000074505806;;;;;;;;
10340.0;43.0;36.8;40.0;0.05000000074505806;;;;;;;;
10341.0;33.0;2.0;8.0;0.0;;;;;;;;
10341.0;59.0;44.0;9.0;0.15000000596046448;;;;;;;;
10342.0;2.0;15.2;24.0;0.20000000298023224;;;;;;;;
10342.0;31.0;10.0;56.0;0.20000000298023224;;;;;;;;
10342.0;36.0;15.2;40.0;0.20000000298023224;;;;;;;;
10342.0;55.0;19.2;40.0;0.20000000298023224;;;;;;;;
10343.0;64.0;26.6;50.0;0.0;;;;;;;;
10343.0;68.0;10.0;4.0;0.05000000074505806;;;;;;;;
10343.0;76.0;14.4;15.0;0.0;;;;;;;;
10344.0;4.0;17.6;35.0;0.0;;;;;;;;
10344.0;8.0;32.0;70.0;0.25;;;;;;;;
10345.0;8.0;32.0;70.0;0.0;;;;;;;;
10345.0;19.0;7.3;80.0;0.0;;;;;;;;
10345.0;42.0;11.2;9.0;0.0;;;;;;;;
10346.0;17.0;31.2;36.0;0.10000000149011612;;;;;;;;
10346.0;56.0;30.4;20.0;0.0;;;;;;;;
10347.0;25.0;11.2;10.0;0.0;;;;;;;;
10347.0;39.0;14.4;50.0;0.15000000596046448;;;;;;;;
10347.0;40.0;14.7;4.0;0.0;;;;;;;;
10347.0;75.0;6.2;6.0;0.15000000596046448;;;;;;;;
10348.0;1.0;14.4;15.0;0.15000000596046448;;;;;;;;
10348.0;23.0;7.2;25.0;0.0;;;;;;;;
10349.0;54.0;5.9;24.0;0.0;;;;;;;;
10350.0;50.0;13.0;15.0;0.10000000149011612;;;;;;;;
10350.0;69.0;28.8;18.0;0.10000000149011612;;;;;;;;
10351.0;38.0;210.8;20.0;0.05000000074505806;;;;;;;;
10351.0;41.0;7.7;13.0;0.0;;;;;;;;
10351.0;44.0;15.5;77.0;0.05000000074505806;;;;;;;;
10351.0;65.0;16.8;10.0;0.05000000074505806;;;;;;;;
10352.0;24.0;3.6;10.0;0.0;;;;;;;;
10352.0;54.0;5.9;20.0;0.15000000596046448;;;;;;;;
10353.0;11.0;16.8;12.0;0.20000000298023224;;;;;;;;
10353.0;38.0;210.8;50.0;0.20000000298023224;;;;;;;;
10354.0;1.0;14.4;12.0;0.0;;;;;;;;
10354.0;29.0;99.0;4.0;0.0;;;;;;;;
10355.0;24.0;3.6;25.0;0.0;;;;;;;;
10355.0;57.0;15.6;25.0;0.0;;;;;;;;
10356.0;31.0;10.0;30.0;0.0;;;;;;;;
10356.0;55.0;19.2;12.0;0.0;;;;;;;;
10356.0;69.0;28.8;20.0;0.0;;;;;;;;
10357.0;10.0;24.8;30.0;0.20000000298023224;;;;;;;;
10357.0;26.0;24.9;16.0;0.0;;;;;;;;
10357.0;60.0;27.2;8.0;0.20000000298023224;;;;;;;;
10358.0;24.0;3.6;10.0;0.05000000074505806;;;;;;;;
10358.0;34.0;11.2;10.0;0.05000000074505806;;;;;;;;
10358.0;36.0;15.2;20.0;0.05000000074505806;;;;;;;;
10359.0;16.0;13.9;56.0;0.05000000074505806;;;;;;;;
10359.0;31.0;10.0;70.0;0.05000000074505806;;;;;;;;
10359.0;60.0;27.2;80.0;0.05000000074505806;;;;;;;;
10360.0;28.0;36.4;30.0;0.0;;;;;;;;
10360.0;29.0;99.0;35.0;0.0;;;;;;;;
10360.0;38.0;210.8;10.0;0.0;;;;;;;;
10360.0;49.0;16.0;35.0;0.0;;;;;;;;
10360.0;54.0;5.9;28.0;0.0;;;;;;;;
10361.0;39.0;14.4;54.0;0.10000000149011612;;;;;;;;
10361.0;60.0;27.2;55.0;0.10000000149011612;;;;;;;;
10362.0;25.0;11.2;50.0;0.0;;;;;;;;
10362.0;51.0;42.4;20.0;0.0;;;;;;;;
10362.0;54.0;5.9;24.0;0.0;;;;;;;;
10363.0;31.0;10.0;20.0;0.0;;;;;;;;
10363.0;75.0;6.2;12.0;0.0;;;;;;;;
10363.0;76.0;14.4;12.0;0.0;;;;;;;;
10364.0;69.0;28.8;30.0;0.0;;;;;;;;
10364.0;71.0;17.2;5.0;0.0;;;;;;;;
10365.0;11.0;16.8;24.0;0.0;;;;;;;;
10366.0;65.0;16.8;5.0;0.0;;;;;;;;
10366.0;77.0;10.4;5.0;0.0;;;;;;;;
10367.0;34.0;11.2;36.0;0.0;;;;;;;;
10367.0;54.0;5.9;18.0;0.0;;;;;;;;
10367.0;65.0;16.8;15.0;0.0;;;;;;;;
10367.0;77.0;10.4;7.0;0.0;;;;;;;;
10368.0;21.0;8.0;5.0;0.10000000149011612;;;;;;;;
10368.0;28.0;36.4;13.0;0.10000000149011612;;;;;;;;
10368.0;57.0;15.6;25.0;0.0;;;;;;;;
10368.0;64.0;26.6;35.0;0.10000000149011612;;;;;;;;
10369.0;29.0;99.0;20.0;0.0;;;;;;;;
10369.0;56.0;30.4;18.0;0.25;;;;;;;;
10370.0;1.0;14.4;15.0;0.15000000596046448;;;;;;;;
10370.0;64.0;26.6;30.0;0.0;;;;;;;;
10370.0;74.0;8.0;20.0;0.15000000596046448;;;;;;;;
10371.0;36.0;15.2;6.0;0.20000000298023224;;;;;;;;
10372.0;20.0;64.8;12.0;0.25;;;;;;;;
10372.0;38.0;210.8;40.0;0.25;;;;;;;;
10372.0;60.0;27.2;70.0;0.25;;;;;;;;
10372.0;72.0;27.8;42.0;0.25;;;;;;;;
10373.0;58.0;10.6;80.0;0.20000000298023224;;;;;;;;
10373.0;71.0;17.2;50.0;0.20000000298023224;;;;;;;;
10374.0;31.0;10.0;30.0;0.0;;;;;;;;
10374.0;58.0;10.6;15.0;0.0;;;;;;;;
10375.0;14.0;18.6;15.0;0.0;;;;;;;;
10375.0;54.0;5.9;10.0;0.0;;;;;;;;
10376.0;31.0;10.0;42.0;0.05000000074505806;;;;;;;;
10377.0;28.0;36.4;20.0;0.15000000596046448;;;;;;;;
10377.0;39.0;14.4;20.0;0.15000000596046448;;;;;;;;
10378.0;71.0;17.2;6.0;0.0;;;;;;;;
10379.0;41.0;7.7;8.0;0.10000000149011612;;;;;;;;
10379.0;63.0;35.1;16.0;0.10000000149011612;;;;;;;;
10379.0;65.0;16.8;20.0;0.10000000149011612;;;;;;;;
10380.0;30.0;20.7;18.0;0.10000000149011612;;;;;;;;
10380.0;53.0;26.2;20.0;0.10000000149011612;;;;;;;;
10380.0;60.0;27.2;6.0;0.10000000149011612;;;;;;;;
10380.0;70.0;12.0;30.0;0.0;;;;;;;;
10381.0;74.0;8.0;14.0;0.0;;;;;;;;
10382.0;5.0;17.0;32.0;0.0;;;;;;;;
10382.0;18.0;50.0;9.0;0.0;;;;;;;;
10382.0;29.0;99.0;14.0;0.0;;;;;;;;
10382.0;33.0;2.0;60.0;0.0;;;;;;;;
10382.0;74.0;8.0;50.0;0.0;;;;;;;;
10383.0;13.0;4.8;20.0;0.0;;;;;;;;
10383.0;50.0;13.0;15.0;0.0;;;;;;;;
10383.0;56.0;30.4;20.0;0.0;;;;;;;;
10384.0;20.0;64.8;28.0;0.0;;;;;;;;
10384.0;60.0;27.2;15.0;0.0;;;;;;;;
10385.0;7.0;24.0;10.0;0.20000000298023224;;;;;;;;
10385.0;60.0;27.2;20.0;0.20000000298023224;;;;;;;;
10385.0;68.0;10.0;8.0;0.20000000298023224;;;;;;;;
10386.0;24.0;3.6;15.0;0.0;;;;;;;;
10386.0;34.0;11.2;10.0;0.0;;;;;;;;
10387.0;24.0;3.6;15.0;0.0;;;;;;;;
10387.0;28.0;36.4;6.0;0.0;;;;;;;;
10387.0;59.0;44.0;12.0;0.0;;;;;;;;
10387.0;71.0;17.2;15.0;0.0;;;;;;;;
10388.0;45.0;7.6;15.0;0.20000000298023224;;;;;;;;
10388.0;52.0;5.6;20.0;0.20000000298023224;;;;;;;;
10388.0;53.0;26.2;40.0;0.0;;;;;;;;
10389.0;10.0;24.8;16.0;0.0;;;;;;;;
10389.0;55.0;19.2;15.0;0.0;;;;;;;;
10389.0;62.0;39.4;20.0;0.0;;;;;;;;
10389.0;70.0;12.0;30.0;0.0;;;;;;;;
10390.0;31.0;10.0;60.0;0.10000000149011612;;;;;;;;
10390.0;35.0;14.4;40.0;0.10000000149011612;;;;;;;;
10390.0;46.0;9.6;45.0;0.0;;;;;;;;
10390.0;72.0;27.8;24.0;0.10000000149011612;;;;;;;;
10391.0;13.0;4.8;18.0;0.0;;;;;;;;
10392.0;69.0;28.8;50.0;0.0;;;;;;;;
10393.0;2.0;15.2;25.0;0.25;;;;;;;;
10393.0;14.0;18.6;42.0;0.25;;;;;;;;
10393.0;25.0;11.2;7.0;0.25;;;;;;;;
10393.0;26.0;24.9;70.0;0.25;;;;;;;;
10393.0;31.0;10.0;32.0;0.0;;;;;;;;
10394.0;13.0;4.8;10.0;0.0;;;;;;;;
10394.0;62.0;39.4;10.0;0.0;;;;;;;;
10395.0;46.0;9.6;28.0;0.10000000149011612;;;;;;;;
10395.0;53.0;26.2;70.0;0.10000000149011612;;;;;;;;
10395.0;69.0;28.8;8.0;0.0;;;;;;;;
10396.0;23.0;7.2;40.0;0.0;;;;;;;;
10396.0;71.0;17.2;60.0;0.0;;;;;;;;
10396.0;72.0;27.8;21.0;0.0;;;;;;;;
10397.0;21.0;8.0;10.0;0.15000000596046448;;;;;;;;
10397.0;51.0;42.4;18.0;0.15000000596046448;;;;;;;;
10398.0;35.0;14.4;30.0;0.0;;;;;;;;
10398.0;55.0;19.2;120.0;0.10000000149011612;;;;;;;;
10399.0;68.0;10.0;60.0;0.0;;;;;;;;
10399.0;71.0;17.2;30.0;0.0;;;;;;;;
10399.0;76.0;14.4;35.0;0.0;;;;;;;;
10399.0;77.0;10.4;14.0;0.0;;;;;;;;
10400.0;29.0;99.0;21.0;0.0;;;;;;;;
10400.0;35.0;14.4;35.0;0.0;;;;;;;;
10400.0;49.0;16.0;30.0;0.0;;;;;;;;
10401.0;30.0;20.7;18.0;0.0;;;;;;;;
10401.0;56.0;30.4;70.0;0.0;;;;;;;;
10401.0;65.0;16.8;20.0;0.0;;;;;;;;
10401.0;71.0;17.2;60.0;0.0;;;;;;;;
10402.0;23.0;7.2;60.0;0.0;;;;;;;;
10402.0;63.0;35.1;65.0;0.0;;;;;;;;
10403.0;16.0;13.9;21.0;0.15000000596046448;;;;;;;;
10403.0;48.0;10.2;70.0;0.15000000596046448;;;;;;;;
10404.0;26.0;24.9;30.0;0.05000000074505806;;;;;;;;
10404.0;42.0;11.2;40.0;0.05000000074505806;;;;;;;;
10404.0;49.0;16.0;30.0;0.05000000074505806;;;;;;;;
10405.0;3.0;8.0;50.0;0.0;;;;;;;;
10406.0;1.0;14.4;10.0;0.0;;;;;;;;
10406.0;21.0;8.0;30.0;0.10000000149011612;;;;;;;;
10406.0;28.0;36.4;42.0;0.10000000149011612;;;;;;;;
10406.0;36.0;15.2;5.0;0.10000000149011612;;;;;;;;
10406.0;40.0;14.7;2.0;0.10000000149011612;;;;;;;;
10407.0;11.0;16.8;30.0;0.0;;;;;;;;
10407.0;69.0;28.8;15.0;0.0;;;;;;;;
10407.0;71.0;17.2;15.0;0.0;;;;;;;;
10408.0;37.0;20.8;10.0;0.0;;;;;;;;
10408.0;54.0;5.9;6.0;0.0;;;;;;;;
10408.0;62.0;39.4;35.0;0.0;;;;;;;;
10409.0;14.0;18.6;12.0;0.0;;;;;;;;
10409.0;21.0;8.0;12.0;0.0;;;;;;;;
10410.0;33.0;2.0;49.0;0.0;;;;;;;;
10410.0;59.0;44.0;16.0;0.0;;;;;;;;
10411.0;41.0;7.7;25.0;0.20000000298023224;;;;;;;;
10411.0;44.0;15.5;40.0;0.20000000298023224;;;;;;;;
10411.0;59.0;44.0;9.0;0.20000000298023224;;;;;;;;
10412.0;14.0;18.6;20.0;0.10000000149011612;;;;;;;;
10413.0;1.0;14.4;24.0;0.0;;;;;;;;
10413.0;62.0;39.4;40.0;0.0;;;;;;;;
10413.0;76.0;14.4;14.0;0.0;;;;;;;;
10414.0;19.0;7.3;18.0;0.05000000074505806;;;;;;;;
10414.0;33.0;2.0;50.0;0.0;;;;;;;;
10415.0;17.0;31.2;2.0;0.0;;;;;;;;
10415.0;33.0;2.0;20.0;0.0;;;;;;;;
10416.0;19.0;7.3;20.0;0.0;;;;;;;;
10416.0;53.0;26.2;10.0;0.0;;;;;;;;
10416.0;57.0;15.6;20.0;0.0;;;;;;;;
10417.0;38.0;210.8;50.0;0.0;;;;;;;;
10417.0;46.0;9.6;2.0;0.25;;;;;;;;
10417.0;68.0;10.0;36.0;0.25;;;;;;;;
10417.0;77.0;10.4;35.0;0.0;;;;;;;;
10418.0;2.0;15.2;60.0;0.0;;;;;;;;
10418.0;47.0;7.6;55.0;0.0;;;;;;;;
10418.0;61.0;22.8;16.0;0.0;;;;;;;;
10418.0;74.0;8.0;15.0;0.0;;;;;;;;
10419.0;60.0;27.2;60.0;0.05000000074505806;;;;;;;;
10419.0;69.0;28.8;20.0;0.05000000074505806;;;;;;;;
10420.0;9.0;77.6;20.0;0.10000000149011612;;;;;;;;
10420.0;13.0;4.8;2.0;0.10000000149011612;;;;;;;;
10420.0;70.0;12.0;8.0;0.10000000149011612;;;;;;;;
10420.0;73.0;12.0;20.0;0.10000000149011612;;;;;;;;
10421.0;19.0;7.3;4.0;0.15000000596046448;;;;;;;;
10421.0;26.0;24.9;30.0;0.0;;;;;;;;
10421.0;53.0;26.2;15.0;0.15000000596046448;;;;;;;;
10421.0;77.0;10.4;10.0;0.15000000596046448;;;;;;;;
10422.0;26.0;24.9;2.0;0.0;;;;;;;;
10423.0;31.0;10.0;14.0;0.0;;;;;;;;
10423.0;59.0;44.0;20.0;0.0;;;;;;;;
10424.0;35.0;14.4;60.0;0.20000000298023224;;;;;;;;
10424.0;38.0;210.8;49.0;0.20000000298023224;;;;;;;;
10424.0;68.0;10.0;30.0;0.20000000298023224;;;;;;;;
10425.0;55.0;19.2;10.0;0.25;;;;;;;;
10425.0;76.0;14.4;20.0;0.25;;;;;;;;
10426.0;56.0;30.4;5.0;0.0;;;;;;;;
10426.0;64.0;26.6;7.0;0.0;;;;;;;;
10427.0;14.0;18.6;35.0;0.0;;;;;;;;
10428.0;46.0;9.6;20.0;0.0;;;;;;;;
10429.0;50.0;13.0;40.0;0.0;;;;;;;;
10429.0;63.0;35.1;35.0;0.25;;;;;;;;
10430.0;17.0;31.2;45.0;0.20000000298023224;;;;;;;;
10430.0;21.0;8.0;50.0;0.0;;;;;;;;
10430.0;56.0;30.4;30.0;0.0;;;;;;;;
10430.0;59.0;44.0;70.0;0.20000000298023224;;;;;;;;
10431.0;17.0;31.2;50.0;0.25;;;;;;;;
10431.0;40.0;14.7;50.0;0.25;;;;;;;;
10431.0;47.0;7.6;30.0;0.25;;;;;;;;
10432.0;26.0;24.9;10.0;0.0;;;;;;;;
10432.0;54.0;5.9;40.0;0.0;;;;;;;;
10433.0;56.0;30.4;28.0;0.0;;;;;;;;
10434.0;11.0;16.8;6.0;0.0;;;;;;;;
10434.0;76.0;14.4;18.0;0.15000000596046448;;;;;;;;
10435.0;2.0;15.2;10.0;0.0;;;;;;;;
10435.0;22.0;16.8;12.0;0.0;;;;;;;;
10435.0;72.0;27.8;10.0;0.0;;;;;;;;
10436.0;46.0;9.6;5.0;0.0;;;;;;;;
10436.0;56.0;30.4;40.0;0.10000000149011612;;;;;;;;
10436.0;64.0;26.6;30.0;0.10000000149011612;;;;;;;;
10436.0;75.0;6.2;24.0;0.10000000149011612;;;;;;;;
10437.0;53.0;26.2;15.0;0.0;;;;;;;;
10438.0;19.0;7.3;15.0;0.20000000298023224;;;;;;;;
10438.0;34.0;11.2;20.0;0.20000000298023224;;;;;;;;
10438.0;57.0;15.6;15.0;0.20000000298023224;;;;;;;;
10439.0;12.0;30.4;15.0;0.0;;;;;;;;
10439.0;16.0;13.9;16.0;0.0;;;;;;;;
10439.0;64.0;26.6;6.0;0.0;;;;;;;;
10439.0;74.0;8.0;30.0;0.0;;;;;;;;
10440.0;2.0;15.2;45.0;0.15000000596046448;;;;;;;;
10440.0;16.0;13.9;49.0;0.15000000596046448;;;;;;;;
10440.0;29.0;99.0;24.0;0.15000000596046448;;;;;;;;
10440.0;61.0;22.8;90.0;0.15000000596046448;;;;;;;;
10441.0;27.0;35.1;50.0;0.0;;;;;;;;
10442.0;11.0;16.8;30.0;0.0;;;;;;;;
10442.0;54.0;5.9;80.0;0.0;;;;;;;;
10442.0;66.0;13.6;60.0;0.0;;;;;;;;
10443.0;11.0;16.8;6.0;0.20000000298023224;;;;;;;;
10443.0;28.0;36.4;12.0;0.0;;;;;;;;
10444.0;17.0;31.2;10.0;0.0;;;;;;;;
10444.0;26.0;24.9;15.0;0.0;;;;;;;;
10444.0;35.0;14.4;8.0;0.0;;;;;;;;
10444.0;41.0;7.7;30.0;0.0;;;;;;;;
10445.0;39.0;14.4;6.0;0.0;;;;;;;;
10445.0;54.0;5.9;15.0;0.0;;;;;;;;
10446.0;19.0;7.3;12.0;0.10000000149011612;;;;;;;;
10446.0;24.0;3.6;20.0;0.10000000149011612;;;;;;;;
10446.0;31.0;10.0;3.0;0.10000000149011612;;;;;;;;
10446.0;52.0;5.6;15.0;0.10000000149011612;;;;;;;;
10447.0;19.0;7.3;40.0;0.0;;;;;;;;
10447.0;65.0;16.8;35.0;0.0;;;;;;;;
10447.0;71.0;17.2;2.0;0.0;;;;;;;;
10448.0;26.0;24.9;6.0;0.0;;;;;;;;
10448.0;40.0;14.7;20.0;0.0;;;;;;;;
10449.0;10.0;24.8;14.0;0.0;;;;;;;;
10449.0;52.0;5.6;20.0;0.0;;;;;;;;
10449.0;62.0;39.4;35.0;0.0;;;;;;;;
10450.0;10.0;24.8;20.0;0.20000000298023224;;;;;;;;
10450.0;54.0;5.9;6.0;0.20000000298023224;;;;;;;;
10451.0;55.0;19.2;120.0;0.10000000149011612;;;;;;;;
10451.0;64.0;26.6;35.0;0.10000000149011612;;;;;;;;
10451.0;65.0;16.8;28.0;0.10000000149011612;;;;;;;;
10451.0;77.0;10.4;55.0;0.10000000149011612;;;;;;;;
10452.0;28.0;36.4;15.0;0.0;;;;;;;;
10452.0;44.0;15.5;100.0;0.05000000074505806;;;;;;;;
10453.0;48.0;10.2;15.0;0.10000000149011612;;;;;;;;
10453.0;70.0;12.0;25.0;0.10000000149011612;;;;;;;;
10454.0;16.0;13.9;20.0;0.20000000298023224;;;;;;;;
10454.0;33.0;2.0;20.0;0.20000000298023224;;;;;;;;
10454.0;46.0;9.6;10.0;0.20000000298023224;;;;;;;;
10455.0;39.0;14.4;20.0;0.0;;;;;;;;
10455.0;53.0;26.2;50.0;0.0;;;;;;;;
10455.0;61.0;22.8;25.0;0.0;;;;;;;;
10455.0;71.0;17.2;30.0;0.0;;;;;;;;
10456.0;21.0;8.0;40.0;0.15000000596046448;;;;;;;;
10456.0;49.0;16.0;21.0;0.15000000596046448;;;;;;;;
10457.0;59.0;44.0;36.0;0.0;;;;;;;;
10458.0;26.0;24.9;30.0;0.0;;;;;;;;
10458.0;28.0;36.4;30.0;0.0;;;;;;;;
10458.0;43.0;36.8;20.0;0.0;;;;;;;;
10458.0;56.0;30.4;15.0;0.0;;;;;;;;
10458.0;71.0;17.2;50.0;0.0;;;;;;;;
10459.0;7.0;24.0;16.0;0.05000000074505806;;;;;;;;
10459.0;46.0;9.6;20.0;0.05000000074505806;;;;;;;;
10459.0;72.0;27.8;40.0;0.0;;;;;;;;
10460.0;68.0;10.0;21.0;0.25;;;;;;;;
10460.0;75.0;6.2;4.0;0.25;;;;;;;;
10461.0;21.0;8.0;40.0;0.25;;;;;;;;
10461.0;30.0;20.7;28.0;0.25;;;;;;;;
10461.0;55.0;19.2;60.0;0.25;;;;;;;;
10462.0;13.0;4.8;1.0;0.0;;;;;;;;
10462.0;23.0;7.2;21.0;0.0;;;;;;;;
10463.0;19.0;7.3;21.0;0.0;;;;;;;;
10463.0;42.0;11.2;50.0;0.0;;;;;;;;
10464.0;4.0;17.6;16.0;0.20000000298023224;;;;;;;;
10464.0;43.0;36.8;3.0;0.0;;;;;;;;
10464.0;56.0;30.4;30.0;0.20000000298023224;;;;;;;;
10464.0;60.0;27.2;20.0;0.0;;;;;;;;
10465.0;24.0;3.6;25.0;0.0;;;;;;;;
10465.0;29.0;99.0;18.0;0.10000000149011612;;;;;;;;
10465.0;40.0;14.7;20.0;0.0;;;;;;;;
10465.0;45.0;7.6;30.0;0.10000000149011612;;;;;;;;
10465.0;50.0;13.0;25.0;0.0;;;;;;;;
10466.0;11.0;16.8;10.0;0.0;;;;;;;;
10466.0;46.0;9.6;5.0;0.0;;;;;;;;
10467.0;24.0;3.6;28.0;0.0;;;;;;;;
10467.0;25.0;11.2;12.0;0.0;;;;;;;;
10468.0;30.0;20.7;8.0;0.0;;;;;;;;
10468.0;43.0;36.8;15.0;0.0;;;;;;;;
10469.0;2.0;15.2;40.0;0.15000000596046448;;;;;;;;
10469.0;16.0;13.9;35.0;0.15000000596046448;;;;;;;;
10469.0;44.0;15.5;2.0;0.15000000596046448;;;;;;;;
10470.0;18.0;50.0;30.0;0.0;;;;;;;;
10470.0;23.0;7.2;15.0;0.0;;;;;;;;
10470.0;64.0;26.6;8.0;0.0;;;;;;;;
10471.0;7.0;24.0;30.0;0.0;;;;;;;;
10471.0;56.0;30.4;20.0;0.0;;;;;;;;
10472.0;24.0;3.6;80.0;0.05000000074505806;;;;;;;;
10472.0;51.0;42.4;18.0;0.0;;;;;;;;
10473.0;33.0;2.0;12.0;0.0;;;;;;;;
10473.0;71.0;17.2;12.0;0.0;;;;;;;;
10474.0;14.0;18.6;12.0;0.0;;;;;;;;
10474.0;28.0;36.4;18.0;0.0;;;;;;;;
10474.0;40.0;14.7;21.0;0.0;;;;;;;;
10474.0;75.0;6.2;10.0;0.0;;;;;;;;
10475.0;31.0;10.0;35.0;0.15000000596046448;;;;;;;;
10475.0;66.0;13.6;60.0;0.15000000596046448;;;;;;;;
10475.0;76.0;14.4;42.0;0.15000000596046448;;;;;;;;
10476.0;55.0;19.2;2.0;0.05000000074505806;;;;;;;;
10476.0;70.0;12.0;12.0;0.0;;;;;;;;
10477.0;1.0;14.4;15.0;0.0;;;;;;;;
10477.0;21.0;8.0;21.0;0.25;;;;;;;;
10477.0;39.0;14.4;20.0;0.25;;;;;;;;
10478.0;10.0;24.8;20.0;0.05000000074505806;;;;;;;;
10479.0;38.0;210.8;30.0;0.0;;;;;;;;
10479.0;53.0;26.2;28.0;0.0;;;;;;;;
10479.0;59.0;44.0;60.0;0.0;;;;;;;;
10479.0;64.0;26.6;30.0;0.0;;;;;;;;
10480.0;47.0;7.6;30.0;0.0;;;;;;;;
10480.0;59.0;44.0;12.0;0.0;;;;;;;;
10481.0;49.0;16.0;24.0;0.0;;;;;;;;
10481.0;60.0;27.2;40.0;0.0;;;;;;;;
10482.0;40.0;14.7;10.0;0.0;;;;;;;;
10483.0;34.0;11.2;35.0;0.05000000074505806;;;;;;;;
10483.0;77.0;10.4;30.0;0.05000000074505806;;;;;;;;
10484.0;21.0;8.0;14.0;0.0;;;;;;;;
10484.0;40.0;14.7;10.0;0.0;;;;;;;;
10484.0;51.0;42.4;3.0;0.0;;;;;;;;
10485.0;2.0;15.2;20.0;0.10000000149011612;;;;;;;;
10485.0;3.0;8.0;20.0;0.10000000149011612;;;;;;;;
10485.0;55.0;19.2;30.0;0.10000000149011612;;;;;;;;
10485.0;70.0;12.0;60.0;0.10000000149011612;;;;;;;;
10486.0;11.0;16.8;5.0;0.0;;;;;;;;
10486.0;51.0;42.4;25.0;0.0;;;;;;;;
10486.0;74.0;8.0;16.0;0.0;;;;;;;;
10487.0;19.0;7.3;5.0;0.0;;;;;;;;
10487.0;26.0;24.9;30.0;0.0;;;;;;;;
10487.0;54.0;5.9;24.0;0.25;;;;;;;;
10488.0;59.0;44.0;30.0;0.0;;;;;;;;
10488.0;73.0;12.0;20.0;0.20000000298023224;;;;;;;;
10489.0;11.0;16.8;15.0;0.25;;;;;;;;
10489.0;16.0;13.9;18.0;0.0;;;;;;;;
10490.0;59.0;44.0;60.0;0.0;;;;;;;;
10490.0;68.0;10.0;30.0;0.0;;;;;;;;
10490.0;75.0;6.2;36.0;0.0;;;;;;;;
10491.0;44.0;15.5;15.0;0.15000000596046448;;;;;;;;
10491.0;77.0;10.4;7.0;0.15000000596046448;;;;;;;;
10492.0;25.0;11.2;60.0;0.05000000074505806;;;;;;;;
10492.0;42.0;11.2;20.0;0.05000000074505806;;;;;;;;
10493.0;65.0;16.8;15.0;0.10000000149011612;;;;;;;;
10493.0;66.0;13.6;10.0;0.10000000149011612;;;;;;;;
10493.0;69.0;28.8;10.0;0.10000000149011612;;;;;;;;
10494.0;56.0;30.4;30.0;0.0;;;;;;;;
10495.0;23.0;7.2;10.0;0.0;;;;;;;;
10495.0;41.0;7.7;20.0;0.0;;;;;;;;
10495.0;77.0;10.4;5.0;0.0;;;;;;;;
10496.0;31.0;10.0;20.0;0.05000000074505806;;;;;;;;
10497.0;56.0;30.4;14.0;0.0;;;;;;;;
10497.0;72.0;27.8;25.0;0.0;;;;;;;;
10497.0;77.0;10.4;25.0;0.0;;;;;;;;
10498.0;24.0;4.5;14.0;0.0;;;;;;;;
10498.0;40.0;18.4;5.0;0.0;;;;;;;;
10498.0;42.0;14.0;30.0;0.0;;;;;;;;
10499.0;28.0;45.6;20.0;0.0;;;;;;;;
10499.0;49.0;20.0;25.0;0.0;;;;;;;;
10500.0;15.0;15.5;12.0;0.05000000074505806;;;;;;;;
10500.0;28.0;45.6;8.0;0.05000000074505806;;;;;;;;
10501.0;54.0;7.45;20.0;0.0;;;;;;;;
10502.0;45.0;9.5;21.0;0.0;;;;;;;;
10502.0;53.0;32.8;6.0;0.0;;;;;;;;
10502.0;67.0;14.0;30.0;0.0;;;;;;;;
10503.0;14.0;23.25;70.0;0.0;;;;;;;;
10503.0;65.0;21.05;20.0;0.0;;;;;;;;
10504.0;2.0;19.0;12.0;0.0;;;;;;;;
10504.0;21.0;10.0;12.0;0.0;;;;;;;;
10504.0;53.0;32.8;10.0;0.0;;;;;;;;
10504.0;61.0;28.5;25.0;0.0;;;;;;;;
10505.0;62.0;49.3;3.0;0.0;;;;;;;;
10506.0;25.0;14.0;18.0;0.10000000149011612;;;;;;;;
10506.0;70.0;15.0;14.0;0.10000000149011612;;;;;;;;
10507.0;43.0;46.0;15.0;0.15000000596046448;;;;;;;;
10507.0;48.0;12.75;15.0;0.15000000596046448;;;;;;;;
10508.0;13.0;6.0;10.0;0.0;;;;;;;;
10508.0;39.0;18.0;10.0;0.0;;;;;;;;
10509.0;28.0;45.6;3.0;0.0;;;;;;;;
10510.0;29.0;123.79;36.0;0.0;;;;;;;;
10510.0;75.0;7.75;36.0;0.10000000149011612;;;;;;;;
10511.0;4.0;22.0;50.0;0.15000000596046448;;;;;;;;
10511.0;7.0;30.0;50.0;0.15000000596046448;;;;;;;;
10511.0;8.0;40.0;10.0;0.15000000596046448;;;;;;;;
10512.0;24.0;4.5;10.0;0.15000000596046448;;;;;;;;
10512.0;46.0;12.0;9.0;0.15000000596046448;;;;;;;;
10512.0;47.0;9.5;6.0;0.15000000596046448;;;;;;;;
10512.0;60.0;34.0;12.0;0.15000000596046448;;;;;;;;
10513.0;21.0;10.0;40.0;0.20000000298023224;;;;;;;;
10513.0;32.0;32.0;50.0;0.20000000298023224;;;;;;;;
10513.0;61.0;28.5;15.0;0.20000000298023224;;;;;;;;
10514.0;20.0;81.0;39.0;0.0;;;;;;;;
10514.0;28.0;45.6;35.0;0.0;;;;;;;;
10514.0;56.0;38.0;70.0;0.0;;;;;;;;
10514.0;65.0;21.05;39.0;0.0;;;;;;;;
10514.0;75.0;7.75;50.0;0.0;;;;;;;;
10515.0;9.0;97.0;16.0;0.15000000596046448;;;;;;;;
10515.0;16.0;17.45;50.0;0.0;;;;;;;;
10515.0;27.0;43.9;120.0;0.0;;;;;;;;
10515.0;33.0;2.5;16.0;0.15000000596046448;;;;;;;;
10515.0;60.0;34.0;84.0;0.15000000596046448;;;;;;;;
10516.0;18.0;62.5;25.0;0.10000000149011612;;;;;;;;
10516.0;41.0;9.65;80.0;0.10000000149011612;;;;;;;;
10516.0;42.0;14.0;20.0;0.0;;;;;;;;
10517.0;52.0;7.0;6.0;0.0;;;;;;;;
10517.0;59.0;55.0;4.0;0.0;;;;;;;;
10517.0;70.0;15.0;6.0;0.0;;;;;;;;
10518.0;24.0;4.5;5.0;0.0;;;;;;;;
10518.0;38.0;263.5;15.0;0.0;;;;;;;;
10518.0;44.0;19.45;9.0;0.0;;;;;;;;
10519.0;10.0;31.0;16.0;0.05000000074505806;;;;;;;;
10519.0;56.0;38.0;40.0;0.0;;;;;;;;
10519.0;60.0;34.0;10.0;0.05000000074505806;;;;;;;;
10520.0;24.0;4.5;8.0;0.0;;;;;;;;
10520.0;53.0;32.8;5.0;0.0;;;;;;;;
10521.0;35.0;18.0;3.0;0.0;;;;;;;;
10521.0;41.0;9.65;10.0;0.0;;;;;;;;
10521.0;68.0;12.5;6.0;0.0;;;;;;;;
10522.0;1.0;18.0;40.0;0.20000000298023224;;;;;;;;
10522.0;8.0;40.0;24.0;0.0;;;;;;;;
10522.0;30.0;25.89;20.0;0.20000000298023224;;;;;;;;
10522.0;40.0;18.4;25.0;0.20000000298023224;;;;;;;;
10523.0;17.0;39.0;25.0;0.10000000149011612;;;;;;;;
10523.0;20.0;81.0;15.0;0.10000000149011612;;;;;;;;
10523.0;37.0;26.0;18.0;0.10000000149011612;;;;;;;;
10523.0;41.0;9.65;6.0;0.10000000149011612;;;;;;;;
10524.0;10.0;31.0;2.0;0.0;;;;;;;;
10524.0;30.0;25.89;10.0;0.0;;;;;;;;
10524.0;43.0;46.0;60.0;0.0;;;;;;;;
10524.0;54.0;7.45;15.0;0.0;;;;;;;;
10525.0;36.0;19.0;30.0;0.0;;;;;;;;
10525.0;40.0;18.4;15.0;0.10000000149011612;;;;;;;;
10526.0;1.0;18.0;8.0;0.15000000596046448;;;;;;;;
10526.0;13.0;6.0;10.0;0.0;;;;;;;;
10526.0;56.0;38.0;30.0;0.15000000596046448;;;;;;;;
10527.0;4.0;22.0;50.0;0.10000000149011612;;;;;;;;
10527.0;36.0;19.0;30.0;0.10000000149011612;;;;;;;;
10528.0;11.0;21.0;3.0;0.0;;;;;;;;
10528.0;33.0;2.5;8.0;0.20000000298023224;;;;;;;;
10528.0;72.0;34.8;9.0;0.0;;;;;;;;
10529.0;55.0;24.0;14.0;0.0;;;;;;;;
10529.0;68.0;12.5;20.0;0.0;;;;;;;;
10529.0;69.0;36.0;10.0;0.0;;;;;;;;
10530.0;17.0;39.0;40.0;0.0;;;;;;;;
10530.0;43.0;46.0;25.0;0.0;;;;;;;;
10530.0;61.0;28.5;20.0;0.0;;;;;;;;
10530.0;76.0;18.0;50.0;0.0;;;;;;;;
10531.0;59.0;55.0;2.0;0.0;;;;;;;;
10532.0;30.0;25.89;15.0;0.0;;;;;;;;
10532.0;66.0;17.0;24.0;0.0;;;;;;;;
10533.0;4.0;22.0;50.0;0.05000000074505806;;;;;;;;
10533.0;72.0;34.8;24.0;0.0;;;;;;;;
10533.0;73.0;15.0;24.0;0.05000000074505806;;;;;;;;
10534.0;30.0;25.89;10.0;0.0;;;;;;;;
10534.0;40.0;18.4;10.0;0.20000000298023224;;;;;;;;
10534.0;54.0;7.45;10.0;0.20000000298023224;;;;;;;;
10535.0;11.0;21.0;50.0;0.10000000149011612;;;;;;;;
10535.0;40.0;18.4;10.0;0.10000000149011612;;;;;;;;
10535.0;57.0;19.5;5.0;0.10000000149011612;;;;;;;;
10535.0;59.0;55.0;15.0;0.10000000149011612;;;;;;;;
10536.0;12.0;38.0;15.0;0.25;;;;;;;;
10536.0;31.0;12.5;20.0;0.0;;;;;;;;
10536.0;33.0;2.5;30.0;0.0;;;;;;;;
10536.0;60.0;34.0;35.0;0.25;;;;;;;;
10537.0;31.0;12.5;30.0;0.0;;;;;;;;
10537.0;51.0;53.0;6.0;0.0;;;;;;;;
10537.0;58.0;13.25;20.0;0.0;;;;;;;;
10537.0;72.0;34.8;21.0;0.0;;;;;;;;
10537.0;73.0;15.0;9.0;0.0;;;;;;;;
10538.0;70.0;15.0;7.0;0.0;;;;;;;;
10538.0;72.0;34.8;1.0;0.0;;;;;;;;
10539.0;13.0;6.0;8.0;0.0;;;;;;;;
10539.0;21.0;10.0;15.0;0.0;;;;;;;;
10539.0;33.0;2.5;15.0;0.0;;;;;;;;
10539.0;49.0;20.0;6.0;0.0;;;;;;;;
10540.0;3.0;10.0;60.0;0.0;;;;;;;;
10540.0;26.0;31.23;40.0;0.0;;;;;;;;
10540.0;38.0;263.5;30.0;0.0;;;;;;;;
10540.0;68.0;12.5;35.0;0.0;;;;;;;;
10541.0;24.0;4.5;35.0;0.10000000149011612;;;;;;;;
10541.0;38.0;263.5;4.0;0.10000000149011612;;;;;;;;
10541.0;65.0;21.05;36.0;0.10000000149011612;;;;;;;;
10541.0;71.0;21.5;9.0;0.10000000149011612;;;;;;;;
10542.0;11.0;21.0;15.0;0.05000000074505806;;;;;;;;
10542.0;54.0;7.45;24.0;0.05000000074505806;;;;;;;;
10543.0;12.0;38.0;30.0;0.15000000596046448;;;;;;;;
10543.0;23.0;9.0;70.0;0.15000000596046448;;;;;;;;
10544.0;28.0;45.6;7.0;0.0;;;;;;;;
10544.0;67.0;14.0;7.0;0.0;;;;;;;;
10545.0;11.0;21.0;10.0;0.0;;;;;;;;
10546.0;7.0;30.0;10.0;0.0;;;;;;;;
10546.0;35.0;18.0;30.0;0.0;;;;;;;;
10546.0;62.0;49.3;40.0;0.0;;;;;;;;
10547.0;32.0;32.0;24.0;0.15000000596046448;;;;;;;;
10547.0;36.0;19.0;60.0;0.0;;;;;;;;
10548.0;34.0;14.0;10.0;0.25;;;;;;;;
10548.0;41.0;9.65;14.0;0.0;;;;;;;;
10549.0;31.0;12.5;55.0;0.15000000596046448;;;;;;;;
10549.0;45.0;9.5;100.0;0.15000000596046448;;;;;;;;
10549.0;51.0;53.0;48.0;0.15000000596046448;;;;;;;;
10550.0;17.0;39.0;8.0;0.10000000149011612;;;;;;;;
10550.0;19.0;9.2;10.0;0.0;;;;;;;;
10550.0;21.0;10.0;6.0;0.10000000149011612;;;;;;;;
10550.0;61.0;28.5;10.0;0.10000000149011612;;;;;;;;
10551.0;16.0;17.45;40.0;0.15000000596046448;;;;;;;;
10551.0;35.0;18.0;20.0;0.15000000596046448;;;;;;;;
10551.0;44.0;19.45;40.0;0.0;;;;;;;;
10552.0;69.0;36.0;18.0;0.0;;;;;;;;
10552.0;75.0;7.75;30.0;0.0;;;;;;;;
10553.0;11.0;21.0;15.0;0.0;;;;;;;;
10553.0;16.0;17.45;14.0;0.0;;;;;;;;
10553.0;22.0;21.0;24.0;0.0;;;;;;;;
10553.0;31.0;12.5;30.0;0.0;;;;;;;;
10553.0;35.0;18.0;6.0;0.0;;;;;;;;
10554.0;16.0;17.45;30.0;0.05000000074505806;;;;;;;;
10554.0;23.0;9.0;20.0;0.05000000074505806;;;;;;;;
10554.0;62.0;49.3;20.0;0.05000000074505806;;;;;;;;
10554.0;77.0;13.0;10.0;0.05000000074505806;;;;;;;;
10555.0;14.0;23.25;30.0;0.20000000298023224;;;;;;;;
10555.0;19.0;9.2;35.0;0.20000000298023224;;;;;;;;
10555.0;24.0;4.5;18.0;0.20000000298023224;;;;;;;;
10555.0;51.0;53.0;20.0;0.20000000298023224;;;;;;;;
10555.0;56.0;38.0;40.0;0.20000000298023224;;;;;;;;
10556.0;72.0;34.8;24.0;0.0;;;;;;;;
10557.0;64.0;33.25;30.0;0.0;;;;;;;;
10557.0;75.0;7.75;20.0;0.0;;;;;;;;
10558.0;47.0;9.5;25.0;0.0;;;;;;;;
10558.0;51.0;53.0;20.0;0.0;;;;;;;;
10558.0;52.0;7.0;30.0;0.0;;;;;;;;
10558.0;53.0;32.8;18.0;0.0;;;;;;;;
10558.0;73.0;15.0;3.0;0.0;;;;;;;;
10559.0;41.0;9.65;12.0;0.05000000074505806;;;;;;;;
10559.0;55.0;24.0;18.0;0.05000000074505806;;;;;;;;
10560.0;30.0;25.89;20.0;0.0;;;;;;;;
10560.0;62.0;49.3;15.0;0.25;;;;;;;;
10561.0;44.0;19.45;10.0;0.0;;;;;;;;
10561.0;51.0;53.0;50.0;0.0;;;;;;;;
10562.0;33.0;2.5;20.0;0.10000000149011612;;;;;;;;
10562.0;62.0;49.3;10.0;0.10000000149011612;;;;;;;;
10563.0;36.0;19.0;25.0;0.0;;;;;;;;
10563.0;52.0;7.0;70.0;0.0;;;;;;;;
10564.0;17.0;39.0;16.0;0.05000000074505806;;;;;;;;
10564.0;31.0;12.5;6.0;0.05000000074505806;;;;;;;;
10564.0;55.0;24.0;25.0;0.05000000074505806;;;;;;;;
10565.0;24.0;4.5;25.0;0.10000000149011612;;;;;;;;
10565.0;64.0;33.25;18.0;0.10000000149011612;;;;;;;;
10566.0;11.0;21.0;35.0;0.15000000596046448;;;;;;;;
10566.0;18.0;62.5;18.0;0.15000000596046448;;;;;;;;
10566.0;76.0;18.0;10.0;0.0;;;;;;;;
10567.0;31.0;12.5;60.0;0.20000000298023224;;;;;;;;
10567.0;51.0;53.0;3.0;0.0;;;;;;;;
10567.0;59.0;55.0;40.0;0.20000000298023224;;;;;;;;
10568.0;10.0;31.0;5.0;0.0;;;;;;;;
10569.0;31.0;12.5;35.0;0.20000000298023224;;;;;;;;
10569.0;76.0;18.0;30.0;0.0;;;;;;;;
10570.0;11.0;21.0;15.0;0.05000000074505806;;;;;;;;
10570.0;56.0;38.0;60.0;0.05000000074505806;;;;;;;;
10571.0;14.0;23.25;11.0;0.15000000596046448;;;;;;;;
10571.0;42.0;14.0;28.0;0.15000000596046448;;;;;;;;
10572.0;16.0;17.45;12.0;0.10000000149011612;;;;;;;;
10572.0;32.0;32.0;10.0;0.10000000149011612;;;;;;;;
10572.0;40.0;18.4;50.0;0.0;;;;;;;;
10572.0;75.0;7.75;15.0;0.10000000149011612;;;;;;;;
10573.0;17.0;39.0;18.0;0.0;;;;;;;;
10573.0;34.0;14.0;40.0;0.0;;;;;;;;
10573.0;53.0;32.8;25.0;0.0;;;;;;;;
10574.0;33.0;2.5;14.0;0.0;;;;;;;;
10574.0;40.0;18.4;2.0;0.0;;;;;;;;
10574.0;62.0;49.3;10.0;0.0;;;;;;;;
10574.0;64.0;33.25;6.0;0.0;;;;;;;;
10575.0;59.0;55.0;12.0;0.0;;;;;;;;
10575.0;63.0;43.9;6.0;0.0;;;;;;;;
10575.0;72.0;34.8;30.0;0.0;;;;;;;;
10575.0;76.0;18.0;10.0;0.0;;;;;;;;
10576.0;1.0;18.0;10.0;0.0;;;;;;;;
10576.0;31.0;12.5;20.0;0.0;;;;;;;;
10576.0;44.0;19.45;21.0;0.0;;;;;;;;
10577.0;39.0;18.0;10.0;0.0;;;;;;;;
10577.0;75.0;7.75;20.0;0.0;;;;;;;;
10577.0;77.0;13.0;18.0;0.0;;;;;;;;
10578.0;35.0;18.0;20.0;0.0;;;;;;;;
10578.0;57.0;19.5;6.0;0.0;;;;;;;;
10579.0;15.0;15.5;10.0;0.0;;;;;;;;
10579.0;75.0;7.75;21.0;0.0;;;;;;;;
10580.0;14.0;23.25;15.0;0.05000000074505806;;;;;;;;
10580.0;41.0;9.65;9.0;0.05000000074505806;;;;;;;;
10580.0;65.0;21.05;30.0;0.05000000074505806;;;;;;;;
10581.0;75.0;7.75;50.0;0.20000000298023224;;;;;;;;
10582.0;57.0;19.5;4.0;0.0;;;;;;;;
10582.0;76.0;18.0;14.0;0.0;;;;;;;;
10583.0;29.0;123.79;10.0;0.0;;;;;;;;
10583.0;60.0;34.0;24.0;0.15000000596046448;;;;;;;;
10583.0;69.0;36.0;10.0;0.15000000596046448;;;;;;;;
10584.0;31.0;12.5;50.0;0.05000000074505806;;;;;;;;
10585.0;47.0;9.5;15.0;0.0;;;;;;;;
10586.0;52.0;7.0;4.0;0.15000000596046448;;;;;;;;
10587.0;26.0;31.23;6.0;0.0;;;;;;;;
10587.0;35.0;18.0;20.0;0.0;;;;;;;;
10587.0;77.0;13.0;20.0;0.0;;;;;;;;
10588.0;18.0;62.5;40.0;0.20000000298023224;;;;;;;;
10588.0;42.0;14.0;100.0;0.20000000298023224;;;;;;;;
10589.0;35.0;18.0;4.0;0.0;;;;;;;;
10590.0;1.0;18.0;20.0;0.0;;;;;;;;
10590.0;77.0;13.0;60.0;0.05000000074505806;;;;;;;;
10591.0;3.0;10.0;14.0;0.0;;;;;;;;
10591.0;7.0;30.0;10.0;0.0;;;;;;;;
10591.0;54.0;7.45;50.0;0.0;;;;;;;;
10592.0;15.0;15.5;25.0;0.05000000074505806;;;;;;;;
10592.0;26.0;31.23;5.0;0.05000000074505806;;;;;;;;
10593.0;20.0;81.0;21.0;0.20000000298023224;;;;;;;;
10593.0;69.0;36.0;20.0;0.20000000298023224;;;;;;;;
10593.0;76.0;18.0;4.0;0.20000000298023224;;;;;;;;
10594.0;52.0;7.0;24.0;0.0;;;;;;;;
10594.0;58.0;13.25;30.0;0.0;;;;;;;;
10595.0;35.0;18.0;30.0;0.25;;;;;;;;
10595.0;61.0;28.5;120.0;0.25;;;;;;;;
10595.0;69.0;36.0;65.0;0.25;;;;;;;;
10596.0;56.0;38.0;5.0;0.20000000298023224;;;;;;;;
10596.0;63.0;43.9;24.0;0.20000000298023224;;;;;;;;
10596.0;75.0;7.75;30.0;0.20000000298023224;;;;;;;;
10597.0;24.0;4.5;35.0;0.20000000298023224;;;;;;;;
10597.0;57.0;19.5;20.0;0.0;;;;;;;;
10597.0;65.0;21.05;12.0;0.20000000298023224;;;;;;;;
10598.0;27.0;43.9;50.0;0.0;;;;;;;;
10598.0;71.0;21.5;9.0;0.0;;;;;;;;
10599.0;62.0;49.3;10.0;0.0;;;;;;;;
10600.0;54.0;7.45;4.0;0.0;;;;;;;;
10600.0;73.0;15.0;30.0;0.0;;;;;;;;
10601.0;13.0;6.0;60.0;0.0;;;;;;;;
10601.0;59.0;55.0;35.0;0.0;;;;;;;;
10602.0;77.0;13.0;5.0;0.25;;;;;;;;
10603.0;22.0;21.0;48.0;0.0;;;;;;;;
10603.0;49.0;20.0;25.0;0.05000000074505806;;;;;;;;
10604.0;48.0;12.75;6.0;0.10000000149011612;;;;;;;;
10604.0;76.0;18.0;10.0;0.10000000149011612;;;;;;;;
10605.0;16.0;17.45;30.0;0.05000000074505806;;;;;;;;
10605.0;59.0;55.0;20.0;0.05000000074505806;;;;;;;;
10605.0;60.0;34.0;70.0;0.05000000074505806;;;;;;;;
10605.0;71.0;21.5;15.0;0.05000000074505806;;;;;;;;
10606.0;4.0;22.0;20.0;0.20000000298023224;;;;;;;;
10606.0;55.0;24.0;20.0;0.20000000298023224;;;;;;;;
10606.0;62.0;49.3;10.0;0.20000000298023224;;;;;;;;
10607.0;7.0;30.0;45.0;0.0;;;;;;;;
10607.0;17.0;39.0;100.0;0.0;;;;;;;;
10607.0;33.0;2.5;14.0;0.0;;;;;;;;
10607.0;40.0;18.4;42.0;0.0;;;;;;;;
10607.0;72.0;34.8;12.0;0.0;;;;;;;;
10608.0;56.0;38.0;28.0;0.0;;;;;;;;
10609.0;1.0;18.0;3.0;0.0;;;;;;;;
10609.0;10.0;31.0;10.0;0.0;;;;;;;;
10609.0;21.0;10.0;6.0;0.0;;;;;;;;
10610.0;36.0;19.0;21.0;0.25;;;;;;;;
10611.0;1.0;18.0;6.0;0.0;;;;;;;;
10611.0;2.0;19.0;10.0;0.0;;;;;;;;
10611.0;60.0;34.0;15.0;0.0;;;;;;;;
10612.0;10.0;31.0;70.0;0.0;;;;;;;;
10612.0;36.0;19.0;55.0;0.0;;;;;;;;
10612.0;49.0;20.0;18.0;0.0;;;;;;;;
10612.0;60.0;34.0;40.0;0.0;;;;;;;;
10612.0;76.0;18.0;80.0;0.0;;;;;;;;
10613.0;13.0;6.0;8.0;0.10000000149011612;;;;;;;;
10613.0;75.0;7.75;40.0;0.0;;;;;;;;
10614.0;11.0;21.0;14.0;0.0;;;;;;;;
10614.0;21.0;10.0;8.0;0.0;;;;;;;;
10614.0;39.0;18.0;5.0;0.0;;;;;;;;
10615.0;55.0;24.0;5.0;0.0;;;;;;;;
10616.0;38.0;263.5;15.0;0.05000000074505806;;;;;;;;
10616.0;56.0;38.0;14.0;0.0;;;;;;;;
10616.0;70.0;15.0;15.0;0.05000000074505806;;;;;;;;
10616.0;71.0;21.5;15.0;0.05000000074505806;;;;;;;;
10617.0;59.0;55.0;30.0;0.15000000596046448;;;;;;;;
10618.0;6.0;25.0;70.0;0.0;;;;;;;;
10618.0;56.0;38.0;20.0;0.0;;;;;;;;
10618.0;68.0;12.5;15.0;0.0;;;;;;;;
10619.0;21.0;10.0;42.0;0.0;;;;;;;;
10619.0;22.0;21.0;40.0;0.0;;;;;;;;
10620.0;24.0;4.5;5.0;0.0;;;;;;;;
10620.0;52.0;7.0;5.0;0.0;;;;;;;;
10621.0;19.0;9.2;5.0;0.0;;;;;;;;
10621.0;23.0;9.0;10.0;0.0;;;;;;;;
10621.0;70.0;15.0;20.0;0.0;;;;;;;;
10621.0;71.0;21.5;15.0;0.0;;;;;;;;
10622.0;2.0;19.0;20.0;0.0;;;;;;;;
10622.0;68.0;12.5;18.0;0.20000000298023224;;;;;;;;
10623.0;14.0;23.25;21.0;0.0;;;;;;;;
10623.0;19.0;9.2;15.0;0.10000000149011612;;;;;;;;
10623.0;21.0;10.0;25.0;0.10000000149011612;;;;;;;;
10623.0;24.0;4.5;3.0;0.0;;;;;;;;
10623.0;35.0;18.0;30.0;0.10000000149011612;;;;;;;;
10624.0;28.0;45.6;10.0;0.0;;;;;;;;
10624.0;29.0;123.79;6.0;0.0;;;;;;;;
10624.0;44.0;19.45;10.0;0.0;;;;;;;;
10625.0;14.0;23.25;3.0;0.0;;;;;;;;
10625.0;42.0;14.0;5.0;0.0;;;;;;;;
10625.0;60.0;34.0;10.0;0.0;;;;;;;;
10626.0;53.0;32.8;12.0;0.0;;;;;;;;
10626.0;60.0;34.0;20.0;0.0;;;;;;;;
10626.0;71.0;21.5;20.0;0.0;;;;;;;;
10627.0;62.0;49.3;15.0;0.0;;;;;;;;
10627.0;73.0;15.0;35.0;0.15000000596046448;;;;;;;;
10628.0;1.0;18.0;25.0;0.0;;;;;;;;
10629.0;29.0;123.79;20.0;0.0;;;;;;;;
10629.0;64.0;33.25;9.0;0.0;;;;;;;;
10630.0;55.0;24.0;12.0;0.05000000074505806;;;;;;;;
10630.0;76.0;18.0;35.0;0.0;;;;;;;;
10631.0;75.0;7.75;8.0;0.10000000149011612;;;;;;;;
10632.0;2.0;19.0;30.0;0.05000000074505806;;;;;;;;
10632.0;33.0;2.5;20.0;0.05000000074505806;;;;;;;;
10633.0;12.0;38.0;36.0;0.15000000596046448;;;;;;;;
10633.0;13.0;6.0;13.0;0.15000000596046448;;;;;;;;
10633.0;26.0;31.23;35.0;0.15000000596046448;;;;;;;;
10633.0;62.0;49.3;80.0;0.15000000596046448;;;;;;;;
10634.0;7.0;30.0;35.0;0.0;;;;;;;;
10634.0;18.0;62.5;50.0;0.0;;;;;;;;
10634.0;51.0;53.0;15.0;0.0;;;;;;;;
10634.0;75.0;7.75;2.0;0.0;;;;;;;;
10635.0;4.0;22.0;10.0;0.10000000149011612;;;;;;;;
10635.0;5.0;21.35;15.0;0.10000000149011612;;;;;;;;
10635.0;22.0;21.0;40.0;0.0;;;;;;;;
10636.0;4.0;22.0;25.0;0.0;;;;;;;;
10636.0;58.0;13.25;6.0;0.0;;;;;;;;
10637.0;11.0;21.0;10.0;0.0;;;;;;;;
10637.0;50.0;16.25;25.0;0.05000000074505806;;;;;;;;
10637.0;56.0;38.0;60.0;0.05000000074505806;;;;;;;;
10638.0;45.0;9.5;20.0;0.0;;;;;;;;
10638.0;65.0;21.05;21.0;0.0;;;;;;;;
10638.0;72.0;34.8;60.0;0.0;;;;;;;;
10639.0;18.0;62.5;8.0;0.0;;;;;;;;
10640.0;69.0;36.0;20.0;0.25;;;;;;;;
10640.0;70.0;15.0;15.0;0.25;;;;;;;;
10641.0;2.0;19.0;50.0;0.0;;;;;;;;
10641.0;40.0;18.4;60.0;0.0;;;;;;;;
10642.0;21.0;10.0;30.0;0.20000000298023224;;;;;;;;
10642.0;61.0;28.5;20.0;0.20000000298023224;;;;;;;;
10643.0;28.0;45.6;15.0;0.25;;;;;;;;
10643.0;39.0;18.0;21.0;0.25;;;;;;;;
10643.0;46.0;12.0;2.0;0.25;;;;;;;;
10644.0;18.0;62.5;4.0;0.10000000149011612;;;;;;;;
10644.0;43.0;46.0;20.0;0.0;;;;;;;;
10644.0;46.0;12.0;21.0;0.10000000149011612;;;;;;;;
10645.0;18.0;62.5;20.0;0.0;;;;;;;;
10645.0;36.0;19.0;15.0;0.0;;;;;;;;
10646.0;1.0;18.0;15.0;0.25;;;;;;;;
10646.0;10.0;31.0;18.0;0.25;;;;;;;;
10646.0;71.0;21.5;30.0;0.25;;;;;;;;
10646.0;77.0;13.0;35.0;0.25;;;;;;;;
10647.0;19.0;9.2;30.0;0.0;;;;;;;;
10647.0;39.0;18.0;20.0;0.0;;;;;;;;
10648.0;22.0;21.0;15.0;0.0;;;;;;;;
10648.0;24.0;4.5;15.0;0.15000000596046448;;;;;;;;
10649.0;28.0;45.6;20.0;0.0;;;;;;;;
10649.0;72.0;34.8;15.0;0.0;;;;;;;;
10650.0;30.0;25.89;30.0;0.0;;;;;;;;
10650.0;53.0;32.8;25.0;0.05000000074505806;;;;;;;;
10650.0;54.0;7.45;30.0;0.0;;;;;;;;
10651.0;19.0;9.2;12.0;0.25;;;;;;;;
10651.0;22.0;21.0;20.0;0.25;;;;;;;;
10652.0;30.0;25.89;2.0;0.25;;;;;;;;
10652.0;42.0;14.0;20.0;0.0;;;;;;;;
10653.0;16.0;17.45;30.0;0.10000000149011612;;;;;;;;
10653.0;60.0;34.0;20.0;0.10000000149011612;;;;;;;;
10654.0;4.0;22.0;12.0;0.10000000149011612;;;;;;;;
10654.0;39.0;18.0;20.0;0.10000000149011612;;;;;;;;
10654.0;54.0;7.45;6.0;0.10000000149011612;;;;;;;;
10655.0;41.0;9.65;20.0;0.20000000298023224;;;;;;;;
10656.0;14.0;23.25;3.0;0.10000000149011612;;;;;;;;
10656.0;44.0;19.45;28.0;0.10000000149011612;;;;;;;;
10656.0;47.0;9.5;6.0;0.10000000149011612;;;;;;;;
10657.0;15.0;15.5;50.0;0.0;;;;;;;;
10657.0;41.0;9.65;24.0;0.0;;;;;;;;
10657.0;46.0;12.0;45.0;0.0;;;;;;;;
10657.0;47.0;9.5;10.0;0.0;;;;;;;;
10657.0;56.0;38.0;45.0;0.0;;;;;;;;
10657.0;60.0;34.0;30.0;0.0;;;;;;;;
10658.0;21.0;10.0;60.0;0.0;;;;;;;;
10658.0;40.0;18.4;70.0;0.05000000074505806;;;;;;;;
10658.0;60.0;34.0;55.0;0.05000000074505806;;;;;;;;
10658.0;77.0;13.0;70.0;0.05000000074505806;;;;;;;;
10659.0;31.0;12.5;20.0;0.05000000074505806;;;;;;;;
10659.0;40.0;18.4;24.0;0.05000000074505806;;;;;;;;
10659.0;70.0;15.0;40.0;0.05000000074505806;;;;;;;;
10660.0;20.0;81.0;21.0;0.0;;;;;;;;
10661.0;39.0;18.0;3.0;0.20000000298023224;;;;;;;;
10661.0;58.0;13.25;49.0;0.20000000298023224;;;;;;;;
10662.0;68.0;12.5;10.0;0.0;;;;;;;;
10663.0;40.0;18.4;30.0;0.05000000074505806;;;;;;;;
10663.0;42.0;14.0;30.0;0.05000000074505806;;;;;;;;
10663.0;51.0;53.0;20.0;0.05000000074505806;;;;;;;;
10664.0;10.0;31.0;24.0;0.15000000596046448;;;;;;;;
10664.0;56.0;38.0;12.0;0.15000000596046448;;;;;;;;
10664.0;65.0;21.05;15.0;0.15000000596046448;;;;;;;;
10665.0;51.0;53.0;20.0;0.0;;;;;;;;
10665.0;59.0;55.0;1.0;0.0;;;;;;;;
10665.0;76.0;18.0;10.0;0.0;;;;;;;;
10666.0;29.0;123.79;36.0;0.0;;;;;;;;
10666.0;65.0;21.05;10.0;0.0;;;;;;;;
10667.0;69.0;36.0;45.0;0.20000000298023224;;;;;;;;
10667.0;71.0;21.5;14.0;0.20000000298023224;;;;;;;;
10668.0;31.0;12.5;8.0;0.10000000149011612;;;;;;;;
10668.0;55.0;24.0;4.0;0.10000000149011612;;;;;;;;
10668.0;64.0;33.25;15.0;0.10000000149011612;;;;;;;;
10669.0;36.0;19.0;30.0;0.0;;;;;;;;
10670.0;23.0;9.0;32.0;0.0;;;;;;;;
10670.0;46.0;12.0;60.0;0.0;;;;;;;;
10670.0;67.0;14.0;25.0;0.0;;;;;;;;
10670.0;73.0;15.0;50.0;0.0;;;;;;;;
10670.0;75.0;7.75;25.0;0.0;;;;;;;;
10671.0;16.0;17.45;10.0;0.0;;;;;;;;
10671.0;62.0;49.3;10.0;0.0;;;;;;;;
10671.0;65.0;21.05;12.0;0.0;;;;;;;;
10672.0;38.0;263.5;15.0;0.10000000149011612;;;;;;;;
10672.0;71.0;21.5;12.0;0.0;;;;;;;;
10673.0;16.0;17.45;3.0;0.0;;;;;;;;
10673.0;42.0;14.0;6.0;0.0;;;;;;;;
10673.0;43.0;46.0;6.0;0.0;;;;;;;;
10674.0;23.0;9.0;5.0;0.0;;;;;;;;
10675.0;14.0;23.25;30.0;0.0;;;;;;;;
10675.0;53.0;32.8;10.0;0.0;;;;;;;;
10675.0;58.0;13.25;30.0;0.0;;;;;;;;
10676.0;10.0;31.0;2.0;0.0;;;;;;;;
10676.0;19.0;9.2;7.0;0.0;;;;;;;;
10676.0;44.0;19.45;21.0;0.0;;;;;;;;
10677.0;26.0;31.23;30.0;0.15000000596046448;;;;;;;;
10677.0;33.0;2.5;8.0;0.15000000596046448;;;;;;;;
10678.0;12.0;38.0;100.0;0.0;;;;;;;;
10678.0;33.0;2.5;30.0;0.0;;;;;;;;
10678.0;41.0;9.65;120.0;0.0;;;;;;;;
10678.0;54.0;7.45;30.0;0.0;;;;;;;;
10679.0;59.0;55.0;12.0;0.0;;;;;;;;
10680.0;16.0;17.45;50.0;0.25;;;;;;;;
10680.0;31.0;12.5;20.0;0.25;;;;;;;;
10680.0;42.0;14.0;40.0;0.25;;;;;;;;
10681.0;19.0;9.2;30.0;0.10000000149011612;;;;;;;;
10681.0;21.0;10.0;12.0;0.10000000149011612;;;;;;;;
10681.0;64.0;33.25;28.0;0.0;;;;;;;;
10682.0;33.0;2.5;30.0;0.0;;;;;;;;
10682.0;66.0;17.0;4.0;0.0;;;;;;;;
10682.0;75.0;7.75;30.0;0.0;;;;;;;;
10683.0;52.0;7.0;9.0;0.0;;;;;;;;
10684.0;40.0;18.4;20.0;0.0;;;;;;;;
10684.0;47.0;9.5;40.0;0.0;;;;;;;;
10684.0;60.0;34.0;30.0;0.0;;;;;;;;
10685.0;10.0;31.0;20.0;0.0;;;;;;;;
10685.0;41.0;9.65;4.0;0.0;;;;;;;;
10685.0;47.0;9.5;15.0;0.0;;;;;;;;
10686.0;17.0;39.0;30.0;0.20000000298023224;;;;;;;;
10686.0;26.0;31.23;15.0;0.0;;;;;;;;
10687.0;9.0;97.0;50.0;0.25;;;;;;;;
10687.0;29.0;123.79;10.0;0.0;;;;;;;;
10687.0;36.0;19.0;6.0;0.25;;;;;;;;
10688.0;10.0;31.0;18.0;0.10000000149011612;;;;;;;;
10688.0;28.0;45.6;60.0;0.10000000149011612;;;;;;;;
10688.0;34.0;14.0;14.0;0.0;;;;;;;;
10689.0;1.0;18.0;35.0;0.25;;;;;;;;
10690.0;56.0;38.0;20.0;0.25;;;;;;;;
10690.0;77.0;13.0;30.0;0.25;;;;;;;;
10691.0;1.0;18.0;30.0;0.0;;;;;;;;
10691.0;29.0;123.79;40.0;0.0;;;;;;;;
10691.0;43.0;46.0;40.0;0.0;;;;;;;;
10691.0;44.0;19.45;24.0;0.0;;;;;;;;
10691.0;62.0;49.3;48.0;0.0;;;;;;;;
10692.0;63.0;43.9;20.0;0.0;;;;;;;;
10693.0;9.0;97.0;6.0;0.0;;;;;;;;
10693.0;54.0;7.45;60.0;0.15000000596046448;;;;;;;;
10693.0;69.0;36.0;30.0;0.15000000596046448;;;;;;;;
10693.0;73.0;15.0;15.0;0.15000000596046448;;;;;;;;
10694.0;7.0;30.0;90.0;0.0;;;;;;;;
10694.0;59.0;55.0;25.0;0.0;;;;;;;;
10694.0;70.0;15.0;50.0;0.0;;;;;;;;
10695.0;8.0;40.0;10.0;0.0;;;;;;;;
10695.0;12.0;38.0;4.0;0.0;;;;;;;;
10695.0;24.0;4.5;20.0;0.0;;;;;;;;
10696.0;17.0;39.0;20.0;0.0;;;;;;;;
10696.0;46.0;12.0;18.0;0.0;;;;;;;;
10697.0;19.0;9.2;7.0;0.25;;;;;;;;
10697.0;35.0;18.0;9.0;0.25;;;;;;;;
10697.0;58.0;13.25;30.0;0.25;;;;;;;;
10697.0;70.0;15.0;30.0;0.25;;;;;;;;
10698.0;11.0;21.0;15.0;0.0;;;;;;;;
10698.0;17.0;39.0;8.0;0.05000000074505806;;;;;;;;
10698.0;29.0;123.79;12.0;0.05000000074505806;;;;;;;;
10698.0;65.0;21.05;65.0;0.05000000074505806;;;;;;;;
10698.0;70.0;15.0;8.0;0.05000000074505806;;;;;;;;
10699.0;47.0;9.5;12.0;0.0;;;;;;;;
10700.0;1.0;18.0;5.0;0.20000000298023224;;;;;;;;
10700.0;34.0;14.0;12.0;0.20000000298023224;;;;;;;;
10700.0;68.0;12.5;40.0;0.20000000298023224;;;;;;;;
10700.0;71.0;21.5;60.0;0.20000000298023224;;;;;;;;
10701.0;59.0;55.0;42.0;0.15000000596046448;;;;;;;;
10701.0;71.0;21.5;20.0;0.15000000596046448;;;;;;;;
10701.0;76.0;18.0;35.0;0.15000000596046448;;;;;;;;
10702.0;3.0;10.0;6.0;0.0;;;;;;;;
10702.0;76.0;18.0;15.0;0.0;;;;;;;;
10703.0;2.0;19.0;5.0;0.0;;;;;;;;
10703.0;59.0;55.0;35.0;0.0;;;;;;;;
10703.0;73.0;15.0;35.0;0.0;;;;;;;;
10704.0;4.0;22.0;6.0;0.0;;;;;;;;
10704.0;24.0;4.5;35.0;0.0;;;;;;;;
10704.0;48.0;12.75;24.0;0.0;;;;;;;;
10705.0;31.0;12.5;20.0;0.0;;;;;;;;
10705.0;32.0;32.0;4.0;0.0;;;;;;;;
10706.0;16.0;17.45;20.0;0.0;;;;;;;;
10706.0;43.0;46.0;24.0;0.0;;;;;;;;
10706.0;59.0;55.0;8.0;0.0;;;;;;;;
10707.0;55.0;24.0;21.0;0.0;;;;;;;;
10707.0;57.0;19.5;40.0;0.0;;;;;;;;
10707.0;70.0;15.0;28.0;0.15000000596046448;;;;;;;;
10708.0;5.0;21.35;4.0;0.0;;;;;;;;
10708.0;36.0;19.0;5.0;0.0;;;;;;;;
10709.0;8.0;40.0;40.0;0.0;;;;;;;;
10709.0;51.0;53.0;28.0;0.0;;;;;;;;
10709.0;60.0;34.0;10.0;0.0;;;;;;;;
10710.0;19.0;9.2;5.0;0.0;;;;;;;;
10710.0;47.0;9.5;5.0;0.0;;;;;;;;
10711.0;19.0;9.2;12.0;0.0;;;;;;;;
10711.0;41.0;9.65;42.0;0.0;;;;;;;;
10711.0;53.0;32.8;120.0;0.0;;;;;;;;
10712.0;53.0;32.8;3.0;0.05000000074505806;;;;;;;;
10712.0;56.0;38.0;30.0;0.0;;;;;;;;
10713.0;10.0;31.0;18.0;0.0;;;;;;;;
10713.0;26.0;31.23;30.0;0.0;;;;;;;;
10713.0;45.0;9.5;110.0;0.0;;;;;;;;
10713.0;46.0;12.0;24.0;0.0;;;;;;;;
10714.0;2.0;19.0;30.0;0.25;;;;;;;;
10714.0;17.0;39.0;27.0;0.25;;;;;;;;
10714.0;47.0;9.5;50.0;0.25;;;;;;;;
10714.0;56.0;38.0;18.0;0.25;;;;;;;;
10714.0;58.0;13.25;12.0;0.25;;;;;;;;
10715.0;10.0;31.0;21.0;0.0;;;;;;;;
10715.0;71.0;21.5;30.0;0.0;;;;;;;;
10716.0;21.0;10.0;5.0;0.0;;;;;;;;
10716.0;51.0;53.0;7.0;0.0;;;;;;;;
10716.0;61.0;28.5;10.0;0.0;;;;;;;;
10717.0;21.0;10.0;32.0;0.05000000074505806;;;;;;;;
10717.0;54.0;7.45;15.0;0.0;;;;;;;;
10717.0;69.0;36.0;25.0;0.05000000074505806;;;;;;;;
10718.0;12.0;38.0;36.0;0.0;;;;;;;;
10718.0;16.0;17.45;20.0;0.0;;;;;;;;
10718.0;36.0;19.0;40.0;0.0;;;;;;;;
10718.0;62.0;49.3;20.0;0.0;;;;;;;;
10719.0;18.0;62.5;12.0;0.25;;;;;;;;
10719.0;30.0;25.89;3.0;0.25;;;;;;;;
10719.0;54.0;7.45;40.0;0.25;;;;;;;;
10720.0;35.0;18.0;21.0;0.0;;;;;;;;
10720.0;71.0;21.5;8.0;0.0;;;;;;;;
10721.0;44.0;19.45;50.0;0.05000000074505806;;;;;;;;
10722.0;2.0;19.0;3.0;0.0;;;;;;;;
10722.0;31.0;12.5;50.0;0.0;;;;;;;;
10722.0;68.0;12.5;45.0;0.0;;;;;;;;
10722.0;75.0;7.75;42.0;0.0;;;;;;;;
10723.0;26.0;31.23;15.0;0.0;;;;;;;;
10724.0;10.0;31.0;16.0;0.0;;;;;;;;
10724.0;61.0;28.5;5.0;0.0;;;;;;;;
10725.0;41.0;9.65;12.0;0.0;;;;;;;;
10725.0;52.0;7.0;4.0;0.0;;;;;;;;
10725.0;55.0;24.0;6.0;0.0;;;;;;;;
10726.0;4.0;22.0;25.0;0.0;;;;;;;;
10726.0;11.0;21.0;5.0;0.0;;;;;;;;
10727.0;17.0;39.0;20.0;0.05000000074505806;;;;;;;;
10727.0;56.0;38.0;10.0;0.05000000074505806;;;;;;;;
10727.0;59.0;55.0;10.0;0.05000000074505806;;;;;;;;
10728.0;30.0;25.89;15.0;0.0;;;;;;;;
10728.0;40.0;18.4;6.0;0.0;;;;;;;;
10728.0;55.0;24.0;12.0;0.0;;;;;;;;
10728.0;60.0;34.0;15.0;0.0;;;;;;;;
10729.0;1.0;18.0;50.0;0.0;;;;;;;;
10729.0;21.0;10.0;30.0;0.0;;;;;;;;
10729.0;50.0;16.25;40.0;0.0;;;;;;;;
10730.0;16.0;17.45;15.0;0.05000000074505806;;;;;;;;
10730.0;31.0;12.5;3.0;0.05000000074505806;;;;;;;;
10730.0;65.0;21.05;10.0;0.05000000074505806;;;;;;;;
10731.0;21.0;10.0;40.0;0.05000000074505806;;;;;;;;
10731.0;51.0;53.0;30.0;0.05000000074505806;;;;;;;;
10732.0;76.0;18.0;20.0;0.0;;;;;;;;
10733.0;14.0;23.25;16.0;0.0;;;;;;;;
10733.0;28.0;45.6;20.0;0.0;;;;;;;;
10733.0;52.0;7.0;25.0;0.0;;;;;;;;
10734.0;6.0;25.0;30.0;0.0;;;;;;;;
10734.0;30.0;25.89;15.0;0.0;;;;;;;;
10734.0;76.0;18.0;20.0;0.0;;;;;;;;
10735.0;61.0;28.5;20.0;0.10000000149011612;;;;;;;;
10735.0;77.0;13.0;2.0;0.10000000149011612;;;;;;;;
10736.0;65.0;21.05;40.0;0.0;;;;;;;;
10736.0;75.0;7.75;20.0;0.0;;;;;;;;
10737.0;13.0;6.0;4.0;0.0;;;;;;;;
10737.0;41.0;9.65;12.0;0.0;;;;;;;;
10738.0;16.0;17.45;3.0;0.0;;;;;;;;
10739.0;36.0;19.0;6.0;0.0;;;;;;;;
10739.0;52.0;7.0;18.0;0.0;;;;;;;;
10740.0;28.0;45.6;5.0;0.20000000298023224;;;;;;;;
10740.0;35.0;18.0;35.0;0.20000000298023224;;;;;;;;
10740.0;45.0;9.5;40.0;0.20000000298023224;;;;;;;;
10740.0;56.0;38.0;14.0;0.20000000298023224;;;;;;;;
10741.0;2.0;19.0;15.0;0.20000000298023224;;;;;;;;
10742.0;3.0;10.0;20.0;0.0;;;;;;;;
10742.0;60.0;34.0;50.0;0.0;;;;;;;;
10742.0;72.0;34.8;35.0;0.0;;;;;;;;
10743.0;46.0;12.0;28.0;0.05000000074505806;;;;;;;;
10744.0;40.0;18.4;50.0;0.20000000298023224;;;;;;;;
10745.0;18.0;62.5;24.0;0.0;;;;;;;;
10745.0;44.0;19.45;16.0;0.0;;;;;;;;
10745.0;59.0;55.0;45.0;0.0;;;;;;;;
10745.0;72.0;34.8;7.0;0.0;;;;;;;;
10746.0;13.0;6.0;6.0;0.0;;;;;;;;
10746.0;42.0;14.0;28.0;0.0;;;;;;;;
10746.0;62.0;49.3;9.0;0.0;;;;;;;;
10746.0;69.0;36.0;40.0;0.0;;;;;;;;
10747.0;31.0;12.5;8.0;0.0;;;;;;;;
10747.0;41.0;9.65;35.0;0.0;;;;;;;;
10747.0;63.0;43.9;9.0;0.0;;;;;;;;
10747.0;69.0;36.0;30.0;0.0;;;;;;;;
10748.0;23.0;9.0;44.0;0.0;;;;;;;;
10748.0;40.0;18.4;40.0;0.0;;;;;;;;
10748.0;56.0;38.0;28.0;0.0;;;;;;;;
10749.0;56.0;38.0;15.0;0.0;;;;;;;;
10749.0;59.0;55.0;6.0;0.0;;;;;;;;
10749.0;76.0;18.0;10.0;0.0;;;;;;;;
10750.0;14.0;23.25;5.0;0.15000000596046448;;;;;;;;
10750.0;45.0;9.5;40.0;0.15000000596046448;;;;;;;;
10750.0;59.0;55.0;25.0;0.15000000596046448;;;;;;;;
10751.0;26.0;31.23;12.0;0.10000000149011612;;;;;;;;
10751.0;30.0;25.89;30.0;0.0;;;;;;;;
10751.0;50.0;16.25;20.0;0.10000000149011612;;;;;;;;
10751.0;73.0;15.0;15.0;0.0;;;;;;;;
10752.0;1.0;18.0;8.0;0.0;;;;;;;;
10752.0;69.0;36.0;3.0;0.0;;;;;;;;
10753.0;45.0;9.5;4.0;0.0;;;;;;;;
10753.0;74.0;10.0;5.0;0.0;;;;;;;;
10754.0;40.0;18.4;3.0;0.0;;;;;;;;
10755.0;47.0;9.5;30.0;0.25;;;;;;;;
10755.0;56.0;38.0;30.0;0.25;;;;;;;;
10755.0;57.0;19.5;14.0;0.25;;;;;;;;
10755.0;69.0;36.0;25.0;0.25;;;;;;;;
10756.0;18.0;62.5;21.0;0.20000000298023224;;;;;;;;
10756.0;36.0;19.0;20.0;0.20000000298023224;;;;;;;;
10756.0;68.0;12.5;6.0;0.20000000298023224;;;;;;;;
10756.0;69.0;36.0;20.0;0.20000000298023224;;;;;;;;
10757.0;34.0;14.0;30.0;0.0;;;;;;;;
10757.0;59.0;55.0;7.0;0.0;;;;;;;;
10757.0;62.0;49.3;30.0;0.0;;;;;;;;
10757.0;64.0;33.25;24.0;0.0;;;;;;;;
10758.0;26.0;31.23;20.0;0.0;;;;;;;;
10758.0;52.0;7.0;60.0;0.0;;;;;;;;
10758.0;70.0;15.0;40.0;0.0;;;;;;;;
10759.0;32.0;32.0;10.0;0.0;;;;;;;;
10760.0;25.0;14.0;12.0;0.25;;;;;;;;
10760.0;27.0;43.9;40.0;0.0;;;;;;;;
10760.0;43.0;46.0;30.0;0.25;;;;;;;;
10761.0;25.0;14.0;35.0;0.25;;;;;;;;
10761.0;75.0;7.75;18.0;0.0;;;;;;;;
10762.0;39.0;18.0;16.0;0.0;;;;;;;;
10762.0;47.0;9.5;30.0;0.0;;;;;;;;
10762.0;51.0;53.0;28.0;0.0;;;;;;;;
10762.0;56.0;38.0;60.0;0.0;;;;;;;;
10763.0;21.0;10.0;40.0;0.0;;;;;;;;
10763.0;22.0;21.0;6.0;0.0;;;;;;;;
10763.0;24.0;4.5;20.0;0.0;;;;;;;;
10764.0;3.0;10.0;20.0;0.10000000149011612;;;;;;;;
10764.0;39.0;18.0;130.0;0.10000000149011612;;;;;;;;
10765.0;65.0;21.05;80.0;0.10000000149011612;;;;;;;;
10766.0;2.0;19.0;40.0;0.0;;;;;;;;
10766.0;7.0;30.0;35.0;0.0;;;;;;;;
10766.0;68.0;12.5;40.0;0.0;;;;;;;;
10767.0;42.0;14.0;2.0;0.0;;;;;;;;
10768.0;22.0;21.0;4.0;0.0;;;;;;;;
10768.0;31.0;12.5;50.0;0.0;;;;;;;;
10768.0;60.0;34.0;15.0;0.0;;;;;;;;
10768.0;71.0;21.5;12.0;0.0;;;;;;;;
10769.0;41.0;9.65;30.0;0.05000000074505806;;;;;;;;
10769.0;52.0;7.0;15.0;0.05000000074505806;;;;;;;;
10769.0;61.0;28.5;20.0;0.0;;;;;;;;
10769.0;62.0;49.3;15.0;0.0;;;;;;;;
10770.0;11.0;21.0;15.0;0.25;;;;;;;;
10771.0;71.0;21.5;16.0;0.0;;;;;;;;
10772.0;29.0;123.79;18.0;0.0;;;;;;;;
10772.0;59.0;55.0;25.0;0.0;;;;;;;;
10773.0;17.0;39.0;33.0;0.0;;;;;;;;
10773.0;31.0;12.5;70.0;0.20000000298023224;;;;;;;;
10773.0;75.0;7.75;7.0;0.20000000298023224;;;;;;;;
10774.0;31.0;12.5;2.0;0.25;;;;;;;;
10774.0;66.0;17.0;50.0;0.0;;;;;;;;
10775.0;10.0;31.0;6.0;0.0;;;;;;;;
10775.0;67.0;14.0;3.0;0.0;;;;;;;;
10776.0;31.0;12.5;16.0;0.05000000074505806;;;;;;;;
10776.0;42.0;14.0;12.0;0.05000000074505806;;;;;;;;
10776.0;45.0;9.5;27.0;0.05000000074505806;;;;;;;;
10776.0;51.0;53.0;120.0;0.05000000074505806;;;;;;;;
10777.0;42.0;14.0;20.0;0.20000000298023224;;;;;;;;
10778.0;41.0;9.65;10.0;0.0;;;;;;;;
10779.0;16.0;17.45;20.0;0.0;;;;;;;;
10779.0;62.0;49.3;20.0;0.0;;;;;;;;
10780.0;70.0;15.0;35.0;0.0;;;;;;;;
10780.0;77.0;13.0;15.0;0.0;;;;;;;;
10781.0;54.0;7.45;3.0;0.20000000298023224;;;;;;;;
10781.0;56.0;38.0;20.0;0.20000000298023224;;;;;;;;
10781.0;74.0;10.0;35.0;0.0;;;;;;;;
10782.0;31.0;12.5;1.0;0.0;;;;;;;;
10783.0;31.0;12.5;10.0;0.0;;;;;;;;
10783.0;38.0;263.5;5.0;0.0;;;;;;;;
10784.0;36.0;19.0;30.0;0.0;;;;;;;;
10784.0;39.0;18.0;2.0;0.15000000596046448;;;;;;;;
10784.0;72.0;34.8;30.0;0.15000000596046448;;;;;;;;
10785.0;10.0;31.0;10.0;0.0;;;;;;;;
10785.0;75.0;7.75;10.0;0.0;;;;;;;;
10786.0;8.0;40.0;30.0;0.20000000298023224;;;;;;;;
10786.0;30.0;25.89;15.0;0.20000000298023224;;;;;;;;
10786.0;75.0;7.75;42.0;0.20000000298023224;;;;;;;;
10787.0;2.0;19.0;15.0;0.05000000074505806;;;;;;;;
10787.0;29.0;123.79;20.0;0.05000000074505806;;;;;;;;
10788.0;19.0;9.2;50.0;0.05000000074505806;;;;;;;;
10788.0;75.0;7.75;40.0;0.05000000074505806;;;;;;;;
10789.0;18.0;62.5;30.0;0.0;;;;;;;;
10789.0;35.0;18.0;15.0;0.0;;;;;;;;
10789.0;63.0;43.9;30.0;0.0;;;;;;;;
10789.0;68.0;12.5;18.0;0.0;;;;;;;;
10790.0;7.0;30.0;3.0;0.15000000596046448;;;;;;;;
10790.0;56.0;38.0;20.0;0.15000000596046448;;;;;;;;
10791.0;29.0;123.79;14.0;0.05000000074505806;;;;;;;;
10791.0;41.0;9.65;20.0;0.05000000074505806;;;;;;;;
10792.0;2.0;19.0;10.0;0.0;;;;;;;;
10792.0;54.0;7.45;3.0;0.0;;;;;;;;
10792.0;68.0;12.5;15.0;0.0;;;;;;;;
10793.0;41.0;9.65;14.0;0.0;;;;;;;;
10793.0;52.0;7.0;8.0;0.0;;;;;;;;
10794.0;14.0;23.25;15.0;0.20000000298023224;;;;;;;;
10794.0;54.0;7.45;6.0;0.20000000298023224;;;;;;;;
10795.0;16.0;17.45;65.0;0.0;;;;;;;;
10795.0;17.0;39.0;35.0;0.25;;;;;;;;
10796.0;26.0;31.23;21.0;0.20000000298023224;;;;;;;;
10796.0;44.0;19.45;10.0;0.0;;;;;;;;
10796.0;64.0;33.25;35.0;0.20000000298023224;;;;;;;;
10796.0;69.0;36.0;24.0;0.20000000298023224;;;;;;;;
10797.0;11.0;21.0;20.0;0.0;;;;;;;;
10798.0;62.0;49.3;2.0;0.0;;;;;;;;
10798.0;72.0;34.8;10.0;0.0;;;;;;;;
10799.0;13.0;6.0;20.0;0.15000000596046448;;;;;;;;
10799.0;24.0;4.5;20.0;0.15000000596046448;;;;;;;;
10799.0;59.0;55.0;25.0;0.0;;;;;;;;
10800.0;11.0;21.0;50.0;0.10000000149011612;;;;;;;;
10800.0;51.0;53.0;10.0;0.10000000149011612;;;;;;;;
10800.0;54.0;7.45;7.0;0.10000000149011612;;;;;;;;
10801.0;17.0;39.0;40.0;0.25;;;;;;;;
10801.0;29.0;123.79;20.0;0.25;;;;;;;;
10802.0;30.0;25.89;25.0;0.25;;;;;;;;
10802.0;51.0;53.0;30.0;0.25;;;;;;;;
10802.0;55.0;24.0;60.0;0.25;;;;;;;;
10802.0;62.0;49.3;5.0;0.25;;;;;;;;
10803.0;19.0;9.2;24.0;0.05000000074505806;;;;;;;;
10803.0;25.0;14.0;15.0;0.05000000074505806;;;;;;;;
10803.0;59.0;55.0;15.0;0.05000000074505806;;;;;;;;
10804.0;10.0;31.0;36.0;0.0;;;;;;;;
10804.0;28.0;45.6;24.0;0.0;;;;;;;;
10804.0;49.0;20.0;4.0;0.15000000596046448;;;;;;;;
10805.0;34.0;14.0;10.0;0.0;;;;;;;;
10805.0;38.0;263.5;10.0;0.0;;;;;;;;
10806.0;2.0;19.0;20.0;0.25;;;;;;;;
10806.0;65.0;21.05;2.0;0.0;;;;;;;;
10806.0;74.0;10.0;15.0;0.25;;;;;;;;
10807.0;40.0;18.4;1.0;0.0;;;;;;;;
10808.0;56.0;38.0;20.0;0.15000000596046448;;;;;;;;
10808.0;76.0;18.0;50.0;0.15000000596046448;;;;;;;;
10809.0;52.0;7.0;20.0;0.0;;;;;;;;
10810.0;13.0;6.0;7.0;0.0;;;;;;;;
10810.0;25.0;14.0;5.0;0.0;;;;;;;;
10810.0;70.0;15.0;5.0;0.0;;;;;;;;
10811.0;19.0;9.2;15.0;0.0;;;;;;;;
10811.0;23.0;9.0;18.0;0.0;;;;;;;;
10811.0;40.0;18.4;30.0;0.0;;;;;;;;
10812.0;31.0;12.5;16.0;0.10000000149011612;;;;;;;;
10812.0;72.0;34.8;40.0;0.10000000149011612;;;;;;;;
10812.0;77.0;13.0;20.0;0.0;;;;;;;;
10813.0;2.0;19.0;12.0;0.20000000298023224;;;;;;;;
10813.0;46.0;12.0;35.0;0.0;;;;;;;;
10814.0;41.0;9.65;20.0;0.0;;;;;;;;
10814.0;43.0;46.0;20.0;0.15000000596046448;;;;;;;;
10814.0;48.0;12.75;8.0;0.15000000596046448;;;;;;;;
10814.0;61.0;28.5;30.0;0.15000000596046448;;;;;;;;
10815.0;33.0;2.5;16.0;0.0;;;;;;;;
10816.0;38.0;263.5;30.0;0.05000000074505806;;;;;;;;
10816.0;62.0;49.3;20.0;0.05000000074505806;;;;;;;;
10817.0;26.0;31.23;40.0;0.15000000596046448;;;;;;;;
10817.0;38.0;263.5;30.0;0.0;;;;;;;;
10817.0;40.0;18.4;60.0;0.15000000596046448;;;;;;;;
10817.0;62.0;49.3;25.0;0.15000000596046448;;;;;;;;
10818.0;32.0;32.0;20.0;0.0;;;;;;;;
10818.0;41.0;9.65;20.0;0.0;;;;;;;;
10819.0;43.0;46.0;7.0;0.0;;;;;;;;
10819.0;75.0;7.75;20.0;0.0;;;;;;;;
10820.0;56.0;38.0;30.0;0.0;;;;;;;;
10821.0;35.0;18.0;20.0;0.0;;;;;;;;
10821.0;51.0;53.0;6.0;0.0;;;;;;;;
10822.0;62.0;49.3;3.0;0.0;;;;;;;;
10822.0;70.0;15.0;6.0;0.0;;;;;;;;
10823.0;11.0;21.0;20.0;0.10000000149011612;;;;;;;;
10823.0;57.0;19.5;15.0;0.0;;;;;;;;
10823.0;59.0;55.0;40.0;0.10000000149011612;;;;;;;;
10823.0;77.0;13.0;15.0;0.10000000149011612;;;;;;;;
10824.0;41.0;9.65;12.0;0.0;;;;;;;;
10824.0;70.0;15.0;9.0;0.0;;;;;;;;
10825.0;26.0;31.23;12.0;0.0;;;;;;;;
10825.0;53.0;32.8;20.0;0.0;;;;;;;;
10826.0;31.0;12.5;35.0;0.0;;;;;;;;
10826.0;57.0;19.5;15.0;0.0;;;;;;;;
10827.0;10.0;31.0;15.0;0.0;;;;;;;;
10827.0;39.0;18.0;21.0;0.0;;;;;;;;
10828.0;20.0;81.0;5.0;0.0;;;;;;;;
10828.0;38.0;263.5;2.0;0.0;;;;;;;;
10829.0;2.0;19.0;10.0;0.0;;;;;;;;
10829.0;8.0;40.0;20.0;0.0;;;;;;;;
10829.0;13.0;6.0;10.0;0.0;;;;;;;;
10829.0;60.0;34.0;21.0;0.0;;;;;;;;
10830.0;6.0;25.0;6.0;0.0;;;;;;;;
10830.0;39.0;18.0;28.0;0.0;;;;;;;;
10830.0;60.0;34.0;30.0;0.0;;;;;;;;
10830.0;68.0;12.5;24.0;0.0;;;;;;;;
10831.0;19.0;9.2;2.0;0.0;;;;;;;;
10831.0;35.0;18.0;8.0;0.0;;;;;;;;
10831.0;38.0;263.5;8.0;0.0;;;;;;;;
10831.0;43.0;46.0;9.0;0.0;;;;;;;;
10832.0;13.0;6.0;3.0;0.20000000298023224;;;;;;;;
10832.0;25.0;14.0;10.0;0.20000000298023224;;;;;;;;
10832.0;44.0;19.45;16.0;0.20000000298023224;;;;;;;;
10832.0;64.0;33.25;3.0;0.0;;;;;;;;
10833.0;7.0;30.0;20.0;0.10000000149011612;;;;;;;;
10833.0;31.0;12.5;9.0;0.10000000149011612;;;;;;;;
10833.0;53.0;32.8;9.0;0.10000000149011612;;;;;;;;
10834.0;29.0;123.79;8.0;0.05000000074505806;;;;;;;;
10834.0;30.0;25.89;20.0;0.05000000074505806;;;;;;;;
10835.0;59.0;55.0;15.0;0.0;;;;;;;;
10835.0;77.0;13.0;2.0;0.20000000298023224;;;;;;;;
10836.0;22.0;21.0;52.0;0.0;;;;;;;;
10836.0;35.0;18.0;6.0;0.0;;;;;;;;
10836.0;57.0;19.5;24.0;0.0;;;;;;;;
10836.0;60.0;34.0;60.0;0.0;;;;;;;;
10836.0;64.0;33.25;30.0;0.0;;;;;;;;
10837.0;13.0;6.0;6.0;0.0;;;;;;;;
10837.0;40.0;18.4;25.0;0.0;;;;;;;;
10837.0;47.0;9.5;40.0;0.25;;;;;;;;
10837.0;76.0;18.0;21.0;0.25;;;;;;;;
10838.0;1.0;18.0;4.0;0.25;;;;;;;;
10838.0;18.0;62.5;25.0;0.25;;;;;;;;
10838.0;36.0;19.0;50.0;0.25;;;;;;;;
10839.0;58.0;13.25;30.0;0.10000000149011612;;;;;;;;
10839.0;72.0;34.8;15.0;0.10000000149011612;;;;;;;;
10840.0;25.0;14.0;6.0;0.20000000298023224;;;;;;;;
10840.0;39.0;18.0;10.0;0.20000000298023224;;;;;;;;
10841.0;10.0;31.0;16.0;0.0;;;;;;;;
10841.0;56.0;38.0;30.0;0.0;;;;;;;;
10841.0;59.0;55.0;50.0;0.0;;;;;;;;
10841.0;77.0;13.0;15.0;0.0;;;;;;;;
10842.0;11.0;21.0;15.0;0.0;;;;;;;;
10842.0;43.0;46.0;5.0;0.0;;;;;;;;
10842.0;68.0;12.5;20.0;0.0;;;;;;;;
10842.0;70.0;15.0;12.0;0.0;;;;;;;;
10843.0;51.0;53.0;4.0;0.25;;;;;;;;
10844.0;22.0;21.0;35.0;0.0;;;;;;;;
10845.0;23.0;9.0;70.0;0.10000000149011612;;;;;;;;
10845.0;35.0;18.0;25.0;0.10000000149011612;;;;;;;;
10845.0;42.0;14.0;42.0;0.10000000149011612;;;;;;;;
10845.0;58.0;13.25;60.0;0.10000000149011612;;;;;;;;
10845.0;64.0;33.25;48.0;0.0;;;;;;;;
10846.0;4.0;22.0;21.0;0.0;;;;;;;;
10846.0;70.0;15.0;30.0;0.0;;;;;;;;
10846.0;74.0;10.0;20.0;0.0;;;;;;;;
10847.0;1.0;18.0;80.0;0.20000000298023224;;;;;;;;
10847.0;19.0;9.2;12.0;0.20000000298023224;;;;;;;;
10847.0;37.0;26.0;60.0;0.20000000298023224;;;;;;;;
10847.0;45.0;9.5;36.0;0.20000000298023224;;;;;;;;
10847.0;60.0;34.0;45.0;0.20000000298023224;;;;;;;;
10847.0;71.0;21.5;55.0;0.20000000298023224;;;;;;;;
10848.0;5.0;21.35;30.0;0.0;;;;;;;;
10848.0;9.0;97.0;3.0;0.0;;;;;;;;
10849.0;3.0;10.0;49.0;0.0;;;;;;;;
10849.0;26.0;31.23;18.0;0.15000000596046448;;;;;;;;
10850.0;25.0;14.0;20.0;0.15000000596046448;;;;;;;;
10850.0;33.0;2.5;4.0;0.15000000596046448;;;;;;;;
10850.0;70.0;15.0;30.0;0.15000000596046448;;;;;;;;
10851.0;2.0;19.0;5.0;0.05000000074505806;;;;;;;;
10851.0;25.0;14.0;10.0;0.05000000074505806;;;;;;;;
10851.0;57.0;19.5;10.0;0.05000000074505806;;;;;;;;
10851.0;59.0;55.0;42.0;0.05000000074505806;;;;;;;;
10852.0;2.0;19.0;15.0;0.0;;;;;;;;
10852.0;17.0;39.0;6.0;0.0;;;;;;;;
10852.0;62.0;49.3;50.0;0.0;;;;;;;;
10853.0;18.0;62.5;10.0;0.0;;;;;;;;
10854.0;10.0;31.0;100.0;0.15000000596046448;;;;;;;;
10854.0;13.0;6.0;65.0;0.15000000596046448;;;;;;;;
10855.0;16.0;17.45;50.0;0.0;;;;;;;;
10855.0;31.0;12.5;14.0;0.0;;;;;;;;
10855.0;56.0;38.0;24.0;0.0;;;;;;;;
10855.0;65.0;21.05;15.0;0.15000000596046448;;;;;;;;
10856.0;2.0;19.0;20.0;0.0;;;;;;;;
10856.0;42.0;14.0;20.0;0.0;;;;;;;;
10857.0;3.0;10.0;30.0;0.0;;;;;;;;
10857.0;26.0;31.23;35.0;0.25;;;;;;;;
10857.0;29.0;123.79;10.0;0.25;;;;;;;;
10858.0;7.0;30.0;5.0;0.0;;;;;;;;
10858.0;27.0;43.9;10.0;0.0;;;;;;;;
10858.0;70.0;15.0;4.0;0.0;;;;;;;;
10859.0;24.0;4.5;40.0;0.25;;;;;;;;
10859.0;54.0;7.45;35.0;0.25;;;;;;;;
10859.0;64.0;33.25;30.0;0.25;;;;;;;;
10860.0;51.0;53.0;3.0;0.0;;;;;;;;
10860.0;76.0;18.0;20.0;0.0;;;;;;;;
10861.0;17.0;39.0;42.0;0.0;;;;;;;;
10861.0;18.0;62.5;20.0;0.0;;;;;;;;
10861.0;21.0;10.0;40.0;0.0;;;;;;;;
10861.0;33.0;2.5;35.0;0.0;;;;;;;;
10861.0;62.0;49.3;3.0;0.0;;;;;;;;
10862.0;11.0;21.0;25.0;0.0;;;;;;;;
10862.0;52.0;7.0;8.0;0.0;;;;;;;;
10863.0;1.0;18.0;20.0;0.15000000596046448;;;;;;;;
10863.0;58.0;13.25;12.0;0.15000000596046448;;;;;;;;
10864.0;35.0;18.0;4.0;0.0;;;;;;;;
10864.0;67.0;14.0;15.0;0.0;;;;;;;;
10865.0;38.0;263.5;60.0;0.05000000074505806;;;;;;;;
10865.0;39.0;18.0;80.0;0.05000000074505806;;;;;;;;
10866.0;2.0;19.0;21.0;0.25;;;;;;;;
10866.0;24.0;4.5;6.0;0.25;;;;;;;;
10866.0;30.0;25.89;40.0;0.25;;;;;;;;
10867.0;53.0;32.8;3.0;0.0;;;;;;;;
10868.0;26.0;31.23;20.0;0.0;;;;;;;;
10868.0;35.0;18.0;30.0;0.0;;;;;;;;
10868.0;49.0;20.0;42.0;0.10000000149011612;;;;;;;;
10869.0;1.0;18.0;40.0;0.0;;;;;;;;
10869.0;11.0;21.0;10.0;0.0;;;;;;;;
10869.0;23.0;9.0;50.0;0.0;;;;;;;;
10869.0;68.0;12.5;20.0;0.0;;;;;;;;
10870.0;35.0;18.0;3.0;0.0;;;;;;;;
10870.0;51.0;53.0;2.0;0.0;;;;;;;;
10871.0;6.0;25.0;50.0;0.05000000074505806;;;;;;;;
10871.0;16.0;17.45;12.0;0.05000000074505806;;;;;;;;
10871.0;17.0;39.0;16.0;0.05000000074505806;;;;;;;;
10872.0;55.0;24.0;10.0;0.05000000074505806;;;;;;;;
10872.0;62.0;49.3;20.0;0.05000000074505806;;;;;;;;
10872.0;64.0;33.25;15.0;0.05000000074505806;;;;;;;;
10872.0;65.0;21.05;21.0;0.05000000074505806;;;;;;;;
10873.0;21.0;10.0;20.0;0.0;;;;;;;;
10873.0;28.0;45.6;3.0;0.0;;;;;;;;
10874.0;10.0;31.0;10.0;0.0;;;;;;;;
10875.0;19.0;9.2;25.0;0.0;;;;;;;;
10875.0;47.0;9.5;21.0;0.10000000149011612;;;;;;;;
10875.0;49.0;20.0;15.0;0.0;;;;;;;;
10876.0;46.0;12.0;21.0;0.0;;;;;;;;
10876.0;64.0;33.25;20.0;0.0;;;;;;;;
10877.0;16.0;17.45;30.0;0.25;;;;;;;;
10877.0;18.0;62.5;25.0;0.0;;;;;;;;
10878.0;20.0;81.0;20.0;0.05000000074505806;;;;;;;;
10879.0;40.0;18.4;12.0;0.0;;;;;;;;
10879.0;65.0;21.05;10.0;0.0;;;;;;;;
10879.0;76.0;18.0;10.0;0.0;;;;;;;;
10880.0;23.0;9.0;30.0;0.20000000298023224;;;;;;;;
10880.0;61.0;28.5;30.0;0.20000000298023224;;;;;;;;
10880.0;70.0;15.0;50.0;0.20000000298023224;;;;;;;;
10881.0;73.0;15.0;10.0;0.0;;;;;;;;
10882.0;42.0;14.0;25.0;0.0;;;;;;;;
10882.0;49.0;20.0;20.0;0.15000000596046448;;;;;;;;
10882.0;54.0;7.45;32.0;0.15000000596046448;;;;;;;;
10883.0;24.0;4.5;8.0;0.0;;;;;;;;
10884.0;21.0;10.0;40.0;0.05000000074505806;;;;;;;;
10884.0;56.0;38.0;21.0;0.05000000074505806;;;;;;;;
10884.0;65.0;21.05;12.0;0.05000000074505806;;;;;;;;
10885.0;2.0;19.0;20.0;0.0;;;;;;;;
10885.0;24.0;4.5;12.0;0.0;;;;;;;;
10885.0;70.0;15.0;30.0;0.0;;;;;;;;
10885.0;77.0;13.0;25.0;0.0;;;;;;;;
10886.0;10.0;31.0;70.0;0.0;;;;;;;;
10886.0;31.0;12.5;35.0;0.0;;;;;;;;
10886.0;77.0;13.0;40.0;0.0;;;;;;;;
10887.0;25.0;14.0;5.0;0.0;;;;;;;;
10888.0;2.0;19.0;20.0;0.0;;;;;;;;
10888.0;68.0;12.5;18.0;0.0;;;;;;;;
10889.0;11.0;21.0;40.0;0.0;;;;;;;;
10889.0;38.0;263.5;40.0;0.0;;;;;;;;
10890.0;17.0;39.0;15.0;0.0;;;;;;;;
10890.0;34.0;14.0;10.0;0.0;;;;;;;;
10890.0;41.0;9.65;14.0;0.0;;;;;;;;
10891.0;30.0;25.89;15.0;0.05000000074505806;;;;;;;;
10892.0;59.0;55.0;40.0;0.05000000074505806;;;;;;;;
10893.0;8.0;40.0;30.0;0.0;;;;;;;;
10893.0;24.0;4.5;10.0;0.0;;;;;;;;
10893.0;29.0;123.79;24.0;0.0;;;;;;;;
10893.0;30.0;25.89;35.0;0.0;;;;;;;;
10893.0;36.0;19.0;20.0;0.0;;;;;;;;
10894.0;13.0;6.0;28.0;0.05000000074505806;;;;;;;;
10894.0;69.0;36.0;50.0;0.05000000074505806;;;;;;;;
10894.0;75.0;7.75;120.0;0.05000000074505806;;;;;;;;
10895.0;24.0;4.5;110.0;0.0;;;;;;;;
10895.0;39.0;18.0;45.0;0.0;;;;;;;;
10895.0;40.0;18.4;91.0;0.0;;;;;;;;
10895.0;60.0;34.0;100.0;0.0;;;;;;;;
10896.0;45.0;9.5;15.0;0.0;;;;;;;;
10896.0;56.0;38.0;16.0;0.0;;;;;;;;
10897.0;29.0;123.79;80.0;0.0;;;;;;;;
10897.0;30.0;25.89;36.0;0.0;;;;;;;;
10898.0;13.0;6.0;5.0;0.0;;;;;;;;
10899.0;39.0;18.0;8.0;0.15000000596046448;;;;;;;;
10900.0;70.0;15.0;3.0;0.25;;;;;;;;
10901.0;41.0;9.65;30.0;0.0;;;;;;;;
10901.0;71.0;21.5;30.0;0.0;;;;;;;;
10902.0;55.0;24.0;30.0;0.15000000596046448;;;;;;;;
10902.0;62.0;49.3;6.0;0.15000000596046448;;;;;;;;
10903.0;13.0;6.0;40.0;0.0;;;;;;;;
10903.0;65.0;21.05;21.0;0.0;;;;;;;;
10903.0;68.0;12.5;20.0;0.0;;;;;;;;
10904.0;58.0;13.25;15.0;0.0;;;;;;;;
10904.0;62.0;49.3;35.0;0.0;;;;;;;;
10905.0;1.0;18.0;20.0;0.05000000074505806;;;;;;;;
10906.0;61.0;28.5;15.0;0.0;;;;;;;;
10907.0;75.0;7.75;14.0;0.0;;;;;;;;
10908.0;7.0;30.0;20.0;0.05000000074505806;;;;;;;;
10908.0;52.0;7.0;14.0;0.05000000074505806;;;;;;;;
10909.0;7.0;30.0;12.0;0.0;;;;;;;;
10909.0;16.0;17.45;15.0;0.0;;;;;;;;
10909.0;41.0;9.65;5.0;0.0;;;;;;;;
10910.0;19.0;9.2;12.0;0.0;;;;;;;;
10910.0;49.0;20.0;10.0;0.0;;;;;;;;
10910.0;61.0;28.5;5.0;0.0;;;;;;;;
10911.0;1.0;18.0;10.0;0.0;;;;;;;;
10911.0;17.0;39.0;12.0;0.0;;;;;;;;
10911.0;67.0;14.0;15.0;0.0;;;;;;;;
10912.0;11.0;21.0;40.0;0.25;;;;;;;;
10912.0;29.0;123.79;60.0;0.25;;;;;;;;
10913.0;4.0;22.0;30.0;0.25;;;;;;;;
10913.0;33.0;2.5;40.0;0.25;;;;;;;;
10913.0;58.0;13.25;15.0;0.0;;;;;;;;
10914.0;71.0;21.5;25.0;0.0;;;;;;;;
10915.0;17.0;39.0;10.0;0.0;;;;;;;;
10915.0;33.0;2.5;30.0;0.0;;;;;;;;
10915.0;54.0;7.45;10.0;0.0;;;;;;;;
10916.0;16.0;17.45;6.0;0.0;;;;;;;;
10916.0;32.0;32.0;6.0;0.0;;;;;;;;
10916.0;57.0;19.5;20.0;0.0;;;;;;;;
10917.0;30.0;25.89;1.0;0.0;;;;;;;;
10917.0;60.0;34.0;10.0;0.0;;;;;;;;
10918.0;1.0;18.0;60.0;0.25;;;;;;;;
10918.0;60.0;34.0;25.0;0.25;;;;;;;;
10919.0;16.0;17.45;24.0;0.0;;;;;;;;
10919.0;25.0;14.0;24.0;0.0;;;;;;;;
10919.0;40.0;18.4;20.0;0.0;;;;;;;;
10920.0;50.0;16.25;24.0;0.0;;;;;;;;
10921.0;35.0;18.0;10.0;0.0;;;;;;;;
10921.0;63.0;43.9;40.0;0.0;;;;;;;;
10922.0;17.0;39.0;15.0;0.0;;;;;;;;
10922.0;24.0;4.5;35.0;0.0;;;;;;;;
10923.0;42.0;14.0;10.0;0.20000000298023224;;;;;;;;
10923.0;43.0;46.0;10.0;0.20000000298023224;;;;;;;;
10923.0;67.0;14.0;24.0;0.20000000298023224;;;;;;;;
10924.0;10.0;31.0;20.0;0.10000000149011612;;;;;;;;
10924.0;28.0;45.6;30.0;0.10000000149011612;;;;;;;;
10924.0;75.0;7.75;6.0;0.0;;;;;;;;
10925.0;36.0;19.0;25.0;0.15000000596046448;;;;;;;;
10925.0;52.0;7.0;12.0;0.15000000596046448;;;;;;;;
10926.0;11.0;21.0;2.0;0.0;;;;;;;;
10926.0;13.0;6.0;10.0;0.0;;;;;;;;
10926.0;19.0;9.2;7.0;0.0;;;;;;;;
10926.0;72.0;34.8;10.0;0.0;;;;;;;;
10927.0;20.0;81.0;5.0;0.0;;;;;;;;
10927.0;52.0;7.0;5.0;0.0;;;;;;;;
10927.0;76.0;18.0;20.0;0.0;;;;;;;;
10928.0;47.0;9.5;5.0;0.0;;;;;;;;
10928.0;76.0;18.0;5.0;0.0;;;;;;;;
10929.0;21.0;10.0;60.0;0.0;;;;;;;;
10929.0;75.0;7.75;49.0;0.0;;;;;;;;
10929.0;77.0;13.0;15.0;0.0;;;;;;;;
10930.0;21.0;10.0;36.0;0.0;;;;;;;;
10930.0;27.0;43.9;25.0;0.0;;;;;;;;
10930.0;55.0;24.0;25.0;0.20000000298023224;;;;;;;;
10930.0;58.0;13.25;30.0;0.20000000298023224;;;;;;;;
10931.0;13.0;6.0;42.0;0.15000000596046448;;;;;;;;
10931.0;57.0;19.5;30.0;0.0;;;;;;;;
10932.0;16.0;17.45;30.0;0.10000000149011612;;;;;;;;
10932.0;62.0;49.3;14.0;0.10000000149011612;;;;;;;;
10932.0;72.0;34.8;16.0;0.0;;;;;;;;
10932.0;75.0;7.75;20.0;0.10000000149011612;;;;;;;;
10933.0;53.0;32.8;2.0;0.0;;;;;;;;
10933.0;61.0;28.5;30.0;0.0;;;;;;;;
10934.0;6.0;25.0;20.0;0.0;;;;;;;;
10935.0;1.0;18.0;21.0;0.0;;;;;;;;
10935.0;18.0;62.5;4.0;0.25;;;;;;;;
10935.0;23.0;9.0;8.0;0.25;;;;;;;;
10936.0;36.0;19.0;30.0;0.20000000298023224;;;;;;;;
10937.0;28.0;45.6;8.0;0.0;;;;;;;;
10937.0;34.0;14.0;20.0;0.0;;;;;;;;
10938.0;13.0;6.0;20.0;0.25;;;;;;;;
10938.0;43.0;46.0;24.0;0.25;;;;;;;;
10938.0;60.0;34.0;49.0;0.25;;;;;;;;
10938.0;71.0;21.5;35.0;0.25;;;;;;;;
10939.0;2.0;19.0;10.0;0.15000000596046448;;;;;;;;
10939.0;67.0;14.0;40.0;0.15000000596046448;;;;;;;;
10940.0;7.0;30.0;8.0;0.0;;;;;;;;
10940.0;13.0;6.0;20.0;0.0;;;;;;;;
10941.0;31.0;12.5;44.0;0.25;;;;;;;;
10941.0;62.0;49.3;30.0;0.25;;;;;;;;
10941.0;68.0;12.5;80.0;0.25;;;;;;;;
10941.0;72.0;34.8;50.0;0.0;;;;;;;;
10942.0;49.0;20.0;28.0;0.0;;;;;;;;
10943.0;13.0;6.0;15.0;0.0;;;;;;;;
10943.0;22.0;21.0;21.0;0.0;;;;;;;;
10943.0;46.0;12.0;15.0;0.0;;;;;;;;
10944.0;11.0;21.0;5.0;0.25;;;;;;;;
10944.0;44.0;19.45;18.0;0.25;;;;;;;;
10944.0;56.0;38.0;18.0;0.0;;;;;;;;
10945.0;13.0;6.0;20.0;0.0;;;;;;;;
10945.0;31.0;12.5;10.0;0.0;;;;;;;;
10946.0;10.0;31.0;25.0;0.0;;;;;;;;
10946.0;24.0;4.5;25.0;0.0;;;;;;;;
10946.0;77.0;13.0;40.0;0.0;;;;;;;;
10947.0;59.0;55.0;4.0;0.0;;;;;;;;
10948.0;50.0;16.25;9.0;0.0;;;;;;;;
10948.0;51.0;53.0;40.0;0.0;;;;;;;;
10948.0;55.0;24.0;4.0;0.0;;;;;;;;
10949.0;6.0;25.0;12.0;0.0;;;;;;;;
10949.0;10.0;31.0;30.0;0.0;;;;;;;;
10949.0;17.0;39.0;6.0;0.0;;;;;;;;
10949.0;62.0;49.3;60.0;0.0;;;;;;;;
10950.0;4.0;22.0;5.0;0.0;;;;;;;;
10951.0;33.0;2.5;15.0;0.05000000074505806;;;;;;;;
10951.0;41.0;9.65;6.0;0.05000000074505806;;;;;;;;
10951.0;75.0;7.75;50.0;0.05000000074505806;;;;;;;;
10952.0;6.0;25.0;16.0;0.05000000074505806;;;;;;;;
10952.0;28.0;45.6;2.0;0.0;;;;;;;;
10953.0;20.0;81.0;50.0;0.05000000074505806;;;;;;;;
10953.0;31.0;12.5;50.0;0.05000000074505806;;;;;;;;
10954.0;16.0;17.45;28.0;0.15000000596046448;;;;;;;;
10954.0;31.0;12.5;25.0;0.15000000596046448;;;;;;;;
10954.0;45.0;9.5;30.0;0.0;;;;;;;;
10954.0;60.0;34.0;24.0;0.15000000596046448;;;;;;;;
10955.0;75.0;7.75;12.0;0.20000000298023224;;;;;;;;
10956.0;21.0;10.0;12.0;0.0;;;;;;;;
10956.0;47.0;9.5;14.0;0.0;;;;;;;;
10956.0;51.0;53.0;8.0;0.0;;;;;;;;
10957.0;30.0;25.89;30.0;0.0;;;;;;;;
10957.0;35.0;18.0;40.0;0.0;;;;;;;;
10957.0;64.0;33.25;8.0;0.0;;;;;;;;
10958.0;5.0;21.35;20.0;0.0;;;;;;;;
10958.0;7.0;30.0;6.0;0.0;;;;;;;;
10958.0;72.0;34.8;5.0;0.0;;;;;;;;
10959.0;75.0;7.75;20.0;0.15000000596046448;;;;;;;;
10960.0;24.0;4.5;10.0;0.25;;;;;;;;
10960.0;41.0;9.65;24.0;0.0;;;;;;;;
10961.0;52.0;7.0;6.0;0.05000000074505806;;;;;;;;
10961.0;76.0;18.0;60.0;0.0;;;;;;;;
10962.0;7.0;30.0;45.0;0.0;;;;;;;;
10962.0;13.0;6.0;77.0;0.0;;;;;;;;
10962.0;53.0;32.8;20.0;0.0;;;;;;;;
10962.0;69.0;36.0;9.0;0.0;;;;;;;;
10962.0;76.0;18.0;44.0;0.0;;;;;;;;
10963.0;60.0;34.0;2.0;0.15000000596046448;;;;;;;;
10964.0;18.0;62.5;6.0;0.0;;;;;;;;
10964.0;38.0;263.5;5.0;0.0;;;;;;;;
10964.0;69.0;36.0;10.0;0.0;;;;;;;;
10965.0;51.0;53.0;16.0;0.0;;;;;;;;
10966.0;37.0;26.0;8.0;0.0;;;;;;;;
10966.0;56.0;38.0;12.0;0.15000000596046448;;;;;;;;
10966.0;62.0;49.3;12.0;0.15000000596046448;;;;;;;;
10967.0;19.0;9.2;12.0;0.0;;;;;;;;
10967.0;49.0;20.0;40.0;0.0;;;;;;;;
10968.0;12.0;38.0;30.0;0.0;;;;;;;;
10968.0;24.0;4.5;30.0;0.0;;;;;;;;
10968.0;64.0;33.25;4.0;0.0;;;;;;;;
10969.0;46.0;12.0;9.0;0.0;;;;;;;;
10970.0;52.0;7.0;40.0;0.20000000298023224;;;;;;;;
10971.0;29.0;123.79;14.0;0.0;;;;;;;;
10972.0;17.0;39.0;6.0;0.0;;;;;;;;
10972.0;33.0;2.5;7.0;0.0;;;;;;;;
10973.0;26.0;31.23;5.0;0.0;;;;;;;;
10973.0;41.0;9.65;6.0;0.0;;;;;;;;
10973.0;75.0;7.75;10.0;0.0;;;;;;;;
10974.0;63.0;43.9;10.0;0.0;;;;;;;;
10975.0;8.0;40.0;16.0;0.0;;;;;;;;
10975.0;75.0;7.75;10.0;0.0;;;;;;;;
10976.0;28.0;45.6;20.0;0.0;;;;;;;;
10977.0;39.0;18.0;30.0;0.0;;;;;;;;
10977.0;47.0;9.5;30.0;0.0;;;;;;;;
10977.0;51.0;53.0;10.0;0.0;;;;;;;;
10977.0;63.0;43.9;20.0;0.0;;;;;;;;
10978.0;8.0;40.0;20.0;0.15000000596046448;;;;;;;;
10978.0;21.0;10.0;40.0;0.15000000596046448;;;;;;;;
10978.0;40.0;18.4;10.0;0.0;;;;;;;;
10978.0;44.0;19.45;6.0;0.15000000596046448;;;;;;;;
10979.0;7.0;30.0;18.0;0.0;;;;;;;;
10979.0;12.0;38.0;20.0;0.0;;;;;;;;
10979.0;24.0;4.5;80.0;0.0;;;;;;;;
10979.0;27.0;43.9;30.0;0.0;;;;;;;;
10979.0;31.0;12.5;24.0;0.0;;;;;;;;
10979.0;63.0;43.9;35.0;0.0;;;;;;;;
10980.0;75.0;7.75;40.0;0.20000000298023224;;;;;;;;
10981.0;38.0;263.5;60.0;0.0;;;;;;;;
10982.0;7.0;30.0;20.0;0.0;;;;;;;;
10982.0;43.0;46.0;9.0;0.0;;;;;;;;
10983.0;13.0;6.0;84.0;0.15000000596046448;;;;;;;;
10983.0;57.0;19.5;15.0;0.0;;;;;;;;
10984.0;16.0;17.45;55.0;0.0;;;;;;;;
10984.0;24.0;4.5;20.0;0.0;;;;;;;;
10984.0;36.0;19.0;40.0;0.0;;;;;;;;
10985.0;16.0;17.45;36.0;0.10000000149011612;;;;;;;;
10985.0;18.0;62.5;8.0;0.10000000149011612;;;;;;;;
10985.0;32.0;32.0;35.0;0.10000000149011612;;;;;;;;
10986.0;11.0;21.0;30.0;0.0;;;;;;;;
10986.0;20.0;81.0;15.0;0.0;;;;;;;;
10986.0;76.0;18.0;10.0;0.0;;;;;;;;
10986.0;77.0;13.0;15.0;0.0;;;;;;;;
10987.0;7.0;30.0;60.0;0.0;;;;;;;;
10987.0;43.0;46.0;6.0;0.0;;;;;;;;
10987.0;72.0;34.8;20.0;0.0;;;;;;;;
10988.0;7.0;30.0;60.0;0.0;;;;;;;;
10988.0;62.0;49.3;40.0;0.10000000149011612;;;;;;;;
10989.0;6.0;25.0;40.0;0.0;;;;;;;;
10989.0;11.0;21.0;15.0;0.0;;;;;;;;
10989.0;41.0;9.65;4.0;0.0;;;;;;;;
10990.0;21.0;10.0;65.0;0.0;;;;;;;;
10990.0;34.0;14.0;60.0;0.15000000596046448;;;;;;;;
10990.0;55.0;24.0;65.0;0.15000000596046448;;;;;;;;
10990.0;61.0;28.5;66.0;0.15000000596046448;;;;;;;;
10991.0;2.0;19.0;50.0;0.20000000298023224;;;;;;;;
10991.0;70.0;15.0;20.0;0.20000000298023224;;;;;;;;
10991.0;76.0;18.0;90.0;0.20000000298023224;;;;;;;;
10992.0;72.0;34.8;2.0;0.0;;;;;;;;
10993.0;29.0;123.79;50.0;0.25;;;;;;;;
10993.0;41.0;9.65;35.0;0.25;;;;;;;;
10994.0;59.0;55.0;18.0;0.05000000074505806;;;;;;;;
10995.0;51.0;53.0;20.0;0.0;;;;;;;;
10995.0;60.0;34.0;4.0;0.0;;;;;;;;
10996.0;42.0;14.0;40.0;0.0;;;;;;;;
10997.0;32.0;32.0;50.0;0.0;;;;;;;;
10997.0;46.0;12.0;20.0;0.25;;;;;;;;
10997.0;52.0;7.0;20.0;0.25;;;;;;;;
10998.0;24.0;4.5;12.0;0.0;;;;;;;;
10998.0;61.0;28.5;7.0;0.0;;;;;;;;
10998.0;74.0;10.0;20.0;0.0;;;;;;;;
10998.0;75.0;7.75;30.0;0.0;;;;;;;;
10999.0;41.0;9.65;20.0;0.05000000074505806;;;;;;;;
10999.0;51.0;53.0;15.0;0.05000000074505806;;;;;;;;
10999.0;77.0;13.0;21.0;0.05000000074505806;;;;;;;;
11000.0;4.0;22.0;25.0;0.25;;;;;;;;
11000.0;24.0;4.5;30.0;0.25;;;;;;;;
11000.0;77.0;13.0;30.0;0.0;;;;;;;;
11001.0;7.0;30.0;60.0;0.0;;;;;;;;
11001.0;22.0;21.0;25.0;0.0;;;;;;;;
11001.0;46.0;12.0;25.0;0.0;;;;;;;;
11001.0;55.0;24.0;6.0;0.0;;;;;;;;
11002.0;13.0;6.0;56.0;0.0;;;;;;;;
11002.0;35.0;18.0;15.0;0.15000000596046448;;;;;;;;
11002.0;42.0;14.0;24.0;0.15000000596046448;;;;;;;;
11002.0;55.0;24.0;40.0;0.0;;;;;;;;
11003.0;1.0;18.0;4.0;0.0;;;;;;;;
11003.0;40.0;18.4;10.0;0.0;;;;;;;;
11003.0;52.0;7.0;10.0;0.0;;;;;;;;
11004.0;26.0;31.23;6.0;0.0;;;;;;;;
11004.0;76.0;18.0;6.0;0.0;;;;;;;;
11005.0;1.0;18.0;2.0;0.0;;;;;;;;
11005.0;59.0;55.0;10.0;0.0;;;;;;;;
11006.0;1.0;18.0;8.0;0.0;;;;;;;;
11006.0;29.0;123.79;2.0;0.25;;;;;;;;
11007.0;8.0;40.0;30.0;0.0;;;;;;;;
11007.0;29.0;123.79;10.0;0.0;;;;;;;;
11007.0;42.0;14.0;14.0;0.0;;;;;;;;
11008.0;28.0;45.6;70.0;0.05000000074505806;;;;;;;;
11008.0;34.0;14.0;90.0;0.05000000074505806;;;;;;;;
11008.0;71.0;21.5;21.0;0.0;;;;;;;;
11009.0;24.0;4.5;12.0;0.0;;;;;;;;
11009.0;36.0;19.0;18.0;0.25;;;;;;;;
11009.0;60.0;34.0;9.0;0.0;;;;;;;;
11010.0;7.0;30.0;20.0;0.0;;;;;;;;
11010.0;24.0;4.5;10.0;0.0;;;;;;;;
11011.0;58.0;13.25;40.0;0.05000000074505806;;;;;;;;
11011.0;71.0;21.5;20.0;0.0;;;;;;;;
11012.0;19.0;9.2;50.0;0.05000000074505806;;;;;;;;
11012.0;60.0;34.0;36.0;0.05000000074505806;;;;;;;;
11012.0;71.0;21.5;60.0;0.05000000074505806;;;;;;;;
11013.0;23.0;9.0;10.0;0.0;;;;;;;;
11013.0;42.0;14.0;4.0;0.0;;;;;;;;
11013.0;45.0;9.5;20.0;0.0;;;;;;;;
11013.0;68.0;12.5;2.0;0.0;;;;;;;;
11014.0;41.0;9.65;28.0;0.10000000149011612;;;;;;;;
11015.0;30.0;25.89;15.0;0.0;;;;;;;;
11015.0;77.0;13.0;18.0;0.0;;;;;;;;
11016.0;31.0;12.5;15.0;0.0;;;;;;;;
11016.0;36.0;19.0;16.0;0.0;;;;;;;;
11017.0;3.0;10.0;25.0;0.0;;;;;;;;
11017.0;59.0;55.0;110.0;0.0;;;;;;;;
11017.0;70.0;15.0;30.0;0.0;;;;;;;;
11018.0;12.0;38.0;20.0;0.0;;;;;;;;
11018.0;18.0;62.5;10.0;0.0;;;;;;;;
11018.0;56.0;38.0;5.0;0.0;;;;;;;;
11019.0;46.0;12.0;3.0;0.0;;;;;;;;
11019.0;49.0;20.0;2.0;0.0;;;;;;;;
11020.0;10.0;31.0;24.0;0.15000000596046448;;;;;;;;
11021.0;2.0;19.0;11.0;0.25;;;;;;;;
11021.0;20.0;81.0;15.0;0.0;;;;;;;;
11021.0;26.0;31.23;63.0;0.0;;;;;;;;
11021.0;51.0;53.0;44.0;0.25;;;;;;;;
11021.0;72.0;34.8;35.0;0.0;;;;;;;;
11022.0;19.0;9.2;35.0;0.0;;;;;;;;
11022.0;69.0;36.0;30.0;0.0;;;;;;;;
11023.0;7.0;30.0;4.0;0.0;;;;;;;;
11023.0;43.0;46.0;30.0;0.0;;;;;;;;
11024.0;26.0;31.23;12.0;0.0;;;;;;;;
11024.0;33.0;2.5;30.0;0.0;;;;;;;;
11024.0;65.0;21.05;21.0;0.0;;;;;;;;
11024.0;71.0;21.5;50.0;0.0;;;;;;;;
11025.0;1.0;18.0;10.0;0.10000000149011612;;;;;;;;
11025.0;13.0;6.0;20.0;0.10000000149011612;;;;;;;;
11026.0;18.0;62.5;8.0;0.0;;;;;;;;
11026.0;51.0;53.0;10.0;0.0;;;;;;;;
11027.0;24.0;4.5;30.0;0.25;;;;;;;;
11027.0;62.0;49.3;21.0;0.25;;;;;;;;
11028.0;55.0;24.0;35.0;0.0;;;;;;;;
11028.0;59.0;55.0;24.0;0.0;;;;;;;;
11029.0;56.0;38.0;20.0;0.0;;;;;;;;
11029.0;63.0;43.9;12.0;0.0;;;;;;;;
11030.0;2.0;19.0;100.0;0.25;;;;;;;;
11030.0;5.0;21.35;70.0;0.0;;;;;;;;
11030.0;29.0;123.79;60.0;0.25;;;;;;;;
11030.0;59.0;55.0;100.0;0.25;;;;;;;;
11031.0;1.0;18.0;45.0;0.0;;;;;;;;
11031.0;13.0;6.0;80.0;0.0;;;;;;;;
11031.0;24.0;4.5;21.0;0.0;;;;;;;;
11031.0;64.0;33.25;20.0;0.0;;;;;;;;
11031.0;71.0;21.5;16.0;0.0;;;;;;;;
11032.0;36.0;19.0;35.0;0.0;;;;;;;;
11032.0;38.0;263.5;25.0;0.0;;;;;;;;
11032.0;59.0;55.0;30.0;0.0;;;;;;;;
11033.0;53.0;32.8;70.0;0.10000000149011612;;;;;;;;
11033.0;69.0;36.0;36.0;0.10000000149011612;;;;;;;;
11034.0;21.0;10.0;15.0;0.10000000149011612;;;;;;;;
11034.0;44.0;19.45;12.0;0.0;;;;;;;;
11034.0;61.0;28.5;6.0;0.0;;;;;;;;
11035.0;1.0;18.0;10.0;0.0;;;;;;;;
11035.0;35.0;18.0;60.0;0.0;;;;;;;;
11035.0;42.0;14.0;30.0;0.0;;;;;;;;
11035.0;54.0;7.45;10.0;0.0;;;;;;;;
11036.0;13.0;6.0;7.0;0.0;;;;;;;;
11036.0;59.0;55.0;30.0;0.0;;;;;;;;
11037.0;70.0;15.0;4.0;0.0;;;;;;;;
11038.0;40.0;18.4;5.0;0.20000000298023224;;;;;;;;
11038.0;52.0;7.0;2.0;0.0;;;;;;;;
11038.0;71.0;21.5;30.0;0.0;;;;;;;;
11039.0;28.0;45.6;20.0;0.0;;;;;;;;
11039.0;35.0;18.0;24.0;0.0;;;;;;;;
11039.0;49.0;20.0;60.0;0.0;;;;;;;;
11039.0;57.0;19.5;28.0;0.0;;;;;;;;
11040.0;21.0;10.0;20.0;0.0;;;;;;;;
11041.0;2.0;19.0;30.0;0.20000000298023224;;;;;;;;
11041.0;63.0;43.9;30.0;0.0;;;;;;;;
11042.0;44.0;19.45;15.0;0.0;;;;;;;;
11042.0;61.0;28.5;4.0;0.0;;;;;;;;
11043.0;11.0;21.0;10.0;0.0;;;;;;;;
11044.0;62.0;49.3;12.0;0.0;;;;;;;;
11045.0;33.0;2.5;15.0;0.0;;;;;;;;
11045.0;51.0;53.0;24.0;0.0;;;;;;;;
11046.0;12.0;38.0;20.0;0.05000000074505806;;;;;;;;
11046.0;32.0;32.0;15.0;0.05000000074505806;;;;;;;;
11046.0;35.0;18.0;18.0;0.05000000074505806;;;;;;;;
11047.0;1.0;18.0;25.0;0.25;;;;;;;;
11047.0;5.0;21.35;30.0;0.25;;;;;;;;
11048.0;68.0;12.5;42.0;0.0;;;;;;;;
11049.0;2.0;19.0;10.0;0.20000000298023224;;;;;;;;
11049.0;12.0;38.0;4.0;0.20000000298023224;;;;;;;;
11050.0;76.0;18.0;50.0;0.10000000149011612;;;;;;;;
11051.0;24.0;4.5;10.0;0.20000000298023224;;;;;;;;
11052.0;43.0;46.0;30.0;0.20000000298023224;;;;;;;;
11052.0;61.0;28.5;10.0;0.20000000298023224;;;;;;;;
11053.0;18.0;62.5;35.0;0.20000000298023224;;;;;;;;
11053.0;32.0;32.0;20.0;0.0;;;;;;;;
11053.0;64.0;33.25;25.0;0.20000000298023224;;;;;;;;
11054.0;33.0;2.5;10.0;0.0;;;;;;;;
11054.0;67.0;14.0;20.0;0.0;;;;;;;;
11055.0;24.0;4.5;15.0;0.0;;;;;;;;
11055.0;25.0;14.0;15.0;0.0;;;;;;;;
11055.0;51.0;53.0;20.0;0.0;;;;;;;;
11055.0;57.0;19.5;20.0;0.0;;;;;;;;
11056.0;7.0;30.0;40.0;0.0;;;;;;;;
11056.0;55.0;24.0;35.0;0.0;;;;;;;;
11056.0;60.0;34.0;50.0;0.0;;;;;;;;
11057.0;70.0;15.0;3.0;0.0;;;;;;;;
11058.0;21.0;10.0;3.0;0.0;;;;;;;;
11058.0;60.0;34.0;21.0;0.0;;;;;;;;
11058.0;61.0;28.5;4.0;0.0;;;;;;;;
11059.0;13.0;6.0;30.0;0.0;;;;;;;;
11059.0;17.0;39.0;12.0;0.0;;;;;;;;
11059.0;60.0;34.0;35.0;0.0;;;;;;;;
11060.0;60.0;34.0;4.0;0.0;;;;;;;;
11060.0;77.0;13.0;10.0;0.0;;;;;;;;
11061.0;60.0;34.0;15.0;0.0;;;;;;;;
11062.0;53.0;32.8;10.0;0.20000000298023224;;;;;;;;
11062.0;70.0;15.0;12.0;0.20000000298023224;;;;;;;;
11063.0;34.0;14.0;30.0;0.0;;;;;;;;
11063.0;40.0;18.4;40.0;0.10000000149011612;;;;;;;;
11063.0;41.0;9.65;30.0;0.10000000149011612;;;;;;;;
11064.0;17.0;39.0;77.0;0.10000000149011612;;;;;;;;
11064.0;41.0;9.65;12.0;0.0;;;;;;;;
11064.0;53.0;32.8;25.0;0.10000000149011612;;;;;;;;
11064.0;55.0;24.0;4.0;0.10000000149011612;;;;;;;;
11064.0;68.0;12.5;55.0;0.0;;;;;;;;
11065.0;30.0;25.89;4.0;0.25;;;;;;;;
11065.0;54.0;7.45;20.0;0.25;;;;;;;;
11066.0;16.0;17.45;3.0;0.0;;;;;;;;
11066.0;19.0;9.2;42.0;0.0;;;;;;;;
11066.0;34.0;14.0;35.0;0.0;;;;;;;;
11067.0;41.0;9.65;9.0;0.0;;;;;;;;
11068.0;28.0;45.6;8.0;0.15000000596046448;;;;;;;;
11068.0;43.0;46.0;36.0;0.15000000596046448;;;;;;;;
11068.0;77.0;13.0;28.0;0.15000000596046448;;;;;;;;
11069.0;39.0;18.0;20.0;0.0;;;;;;;;
11070.0;1.0;18.0;40.0;0.15000000596046448;;;;;;;;
11070.0;2.0;19.0;20.0;0.15000000596046448;;;;;;;;
11070.0;16.0;17.45;30.0;0.15000000596046448;;;;;;;;
11070.0;31.0;12.5;20.0;0.0;;;;;;;;
11071.0;7.0;30.0;15.0;0.05000000074505806;;;;;;;;
11071.0;13.0;6.0;10.0;0.05000000074505806;;;;;;;;
11072.0;2.0;19.0;8.0;0.0;;;;;;;;
11072.0;41.0;9.65;40.0;0.0;;;;;;;;
11072.0;50.0;16.25;22.0;0.0;;;;;;;;
11072.0;64.0;33.25;130.0;0.0;;;;;;;;
11073.0;11.0;21.0;10.0;0.0;;;;;;;;
11073.0;24.0;4.5;20.0;0.0;;;;;;;;
11074.0;16.0;17.45;14.0;0.05000000074505806;;;;;;;;
11075.0;2.0;19.0;10.0;0.15000000596046448;;;;;;;;
11075.0;46.0;12.0;30.0;0.15000000596046448;;;;;;;;
11075.0;76.0;18.0;2.0;0.15000000596046448;;;;;;;;
11076.0;6.0;25.0;20.0;0.25;;;;;;;;
11076.0;14.0;23.25;20.0;0.25;;;;;;;;
11076.0;19.0;9.2;10.0;0.25;;;;;;;;
11077.0;2.0;19.0;24.0;0.20000000298023224;;;;;;;;
11077.0;3.0;10.0;4.0;0.0;;;;;;;;
11077.0;4.0;22.0;1.0;0.0;;;;;;;;
11077.0;6.0;25.0;1.0;0.019999999552965164;;;;;;;;
11077.0;7.0;30.0;1.0;0.05000000074505806;;;;;;;;
11077.0;8.0;40.0;2.0;0.10000000149011612;;;;;;;;
11077.0;10.0;31.0;1.0;0.0;;;;;;;;
11077.0;12.0;38.0;2.0;0.05000000074505806;;;;;;;;
11077.0;13.0;6.0;4.0;0.0;;;;;;;;
11077.0;14.0;23.25;1.0;0.029999999329447746;;;;;;;;
11077.0;16.0;17.45;2.0;0.029999999329447746;;;;;;;;
11077.0;20.0;81.0;1.0;0.03999999910593033;;;;;;;;
11077.0;23.0;9.0;2.0;0.0;;;;;;;;
11077.0;32.0;32.0;1.0;0.0;;;;;;;;
11077.0;39.0;18.0;2.0;0.05000000074505806;;;;;;;;
11077.0;41.0;9.65;3.0;0.0;;;;;;;;
11077.0;46.0;12.0;3.0;0.019999999552965164;;;;;;;;
11077.0;52.0;7.0;2.0;0.0;;;;;;;;
11077.0;55.0;24.0;2.0;0.0;;;;;;;;
11077.0;60.0;34.0;2.0;0.05999999865889549;;;;;;;;
11077.0;64.0;33.25;2.0;0.029999999329447746;;;;;;;;
11077.0;66.0;17.0;1.0;0.0;;;;;;;;
11077.0;73.0;15.0;2.0;0.009999999776482582;;;;;;;;
11077.0;75.0;7.75;4.0;0.0;;;;;;;;
11077.0;77.0;13.0;2.0;0.0;;;;;;;;
;;;100.0;0.0;27.0;30.0;34.0;14.0;2.0;;96.0;83.0
